fecha,municipio,entidad_federativa,porc_pob,pibe,pib_mun
2004-03-31,Azcapotzalco,CDMX,0.04844968174,2226949.7,107895.00421598849
2004-06-30,Azcapotzalco,CDMX,0.04844968174,2234735.2,108272.20921317526
2004-09-30,Azcapotzalco,CDMX,0.04844968174,2244809.2,108760.29130702402
2004-12-31,Azcapotzalco,CDMX,0.04844968174,2260342.1,109512.85536852326
2005-03-31,Azcapotzalco,CDMX,0.04844968174,2258091.6,109403.81935976738
2005-06-30,Azcapotzalco,CDMX,0.04844968174,2275031.1,110224.53274360212
2005-09-30,Azcapotzalco,CDMX,0.04844968174,2306940.8,111770.54755302098
2005-12-31,Azcapotzalco,CDMX,0.04844968174,2264522.1,109715.37503819646
2006-03-31,Azcapotzalco,CDMX,0.04844968174,2374722.9,115054.56872568984
2006-06-30,Azcapotzalco,CDMX,0.04844968174,2375920.8,115112.60659944618
2006-09-30,Azcapotzalco,CDMX,0.04844968174,2418787.1,117189.46519181757
2006-12-31,Azcapotzalco,CDMX,0.04844968174,2328557.9,112817.88916816274
2007-03-31,Azcapotzalco,CDMX,0.04844968174,2408565.9,116694.25130481666
2007-06-30,Azcapotzalco,CDMX,0.04844968174,2384221.0,115514.74864782454
2007-09-30,Azcapotzalco,CDMX,0.04844968174,2445567.4,118486.96220371927
2007-12-31,Azcapotzalco,CDMX,0.04844968174,2367585.4,114708.7591222706
2008-03-31,Azcapotzalco,CDMX,0.04844968174,2450391.2,118720.6737784967
2008-06-30,Azcapotzalco,CDMX,0.04844968174,2395356.9,116054.279458713
2008-09-30,Azcapotzalco,CDMX,0.04844968174,2531001.6,122626.22200343078
2008-12-31,Azcapotzalco,CDMX,0.04844968174,2452219.9,118809.27371149462
2009-03-31,Azcapotzalco,CDMX,0.04844968174,2362516.4,114463.16768553053
2009-06-30,Azcapotzalco,CDMX,0.04844968174,2166510.9,104966.76359124096
2009-09-30,Azcapotzalco,CDMX,0.04844968174,2389483.6,115769.71994294946
2009-12-31,Azcapotzalco,CDMX,0.04844968174,2367831.3,114720.67289901046
2010-03-31,Azcapotzalco,CDMX,0.04844968174,2446910.4,118552.03012629609
2010-06-30,Azcapotzalco,CDMX,0.04844968174,2287425.1,110825.01809908768
2010-09-30,Azcapotzalco,CDMX,0.04844968174,2445278.9,118472.98447053728
2010-12-31,Azcapotzalco,CDMX,0.04844968174,2425671.8,117523.02671569292
2011-03-31,Azcapotzalco,CDMX,0.04844968174,2533806.9,122762.137895616
2011-06-30,Azcapotzalco,CDMX,0.04844968174,2332450.0,113006.460174463
2011-09-30,Azcapotzalco,CDMX,0.04844968174,2569761.4,124504.12197773684
2011-12-31,Azcapotzalco,CDMX,0.04844968174,2515338.0,121867.32556852812
2012-03-31,Azcapotzalco,CDMX,0.04844968174,2633934.6,127613.29309397421
2012-06-30,Azcapotzalco,CDMX,0.04844968174,2438708.1,118154.6313017601
2012-09-30,Azcapotzalco,CDMX,0.04844968174,2592835.4,125622.0499342056
2012-12-31,Azcapotzalco,CDMX,0.04844968174,2598596.7,125901.18308561426
2013-03-31,Azcapotzalco,CDMX,0.04844968174,2673066.3,129509.21150491935
2013-06-30,Azcapotzalco,CDMX,0.04844968174,2479978.8,120154.1835819471
2013-09-30,Azcapotzalco,CDMX,0.04844968174,2668439.8,129285.05905234924
2013-12-31,Azcapotzalco,CDMX,0.04844968174,2626906.9,127272.80326561
2014-03-31,Azcapotzalco,CDMX,0.04844968174,2748552.0,133166.4696458405
2014-06-30,Azcapotzalco,CDMX,0.04844968174,2503000.3,121269.56793012451
2014-09-30,Azcapotzalco,CDMX,0.04844968174,2686402.8,130155.36068544486
2014-12-31,Azcapotzalco,CDMX,0.04844968174,2666305.5,129181.65289661157
2015-03-31,Azcapotzalco,CDMX,0.04844968174,2869792.9,139040.55266471163
2015-06-30,Azcapotzalco,CDMX,0.04844968174,2587230.0,125350.4700881802
2015-09-30,Azcapotzalco,CDMX,0.04844968174,2751624.2,133315.31675808213
2015-12-31,Azcapotzalco,CDMX,0.04844968174,2705692.6,131089.94535627312
2016-03-31,Azcapotzalco,CDMX,0.04844968174,2957233.6,143277.02675083446
2016-06-30,Azcapotzalco,CDMX,0.04844968174,2632606.6,127548.95191662348
2016-09-30,Azcapotzalco,CDMX,0.04844968174,2777401.3,134564.20904926225
2016-12-31,Azcapotzalco,CDMX,0.04844968174,2827543.6,136993.58752597388
2017-03-31,Azcapotzalco,CDMX,0.04844968174,3045539.9,147555.43888147143
2017-06-30,Azcapotzalco,CDMX,0.04844968174,2684909.3,130083.00108576617
2017-09-30,Azcapotzalco,CDMX,0.04844968174,2789710.7,135160.5955616726
2017-12-31,Azcapotzalco,CDMX,0.04844968174,2824719.7,136856.77046970828
2018-03-31,Azcapotzalco,CDMX,0.04844968174,3126459.6,151475.9725929677
2018-06-30,Azcapotzalco,CDMX,0.04844968174,2706598.0,131133.81169812052
2018-09-30,Azcapotzalco,CDMX,0.04844968174,2895109.0,140267.10965260965
2018-12-31,Azcapotzalco,CDMX,0.04844968174,2898492.7,140431.0488407133
2019-03-31,Azcapotzalco,CDMX,0.04844968174,3132839.1,151785.05733762804
2019-06-30,Azcapotzalco,CDMX,0.04844968174,2679500.0,129820.92222233
2019-09-30,Azcapotzalco,CDMX,0.04844968174,2895581.9,140290.0215071045
2019-12-31,Azcapotzalco,CDMX,0.04844968174,2804127.1,135859.06555350916
2020-03-31,Azcapotzalco,CDMX,0.04844968174,2856971.8,138419.37445015492
2020-06-30,Azcapotzalco,CDMX,0.04844968174,2151114.3,104220.80322136288
2020-09-30,Azcapotzalco,CDMX,0.04844968174,2577710.4,124889.2484978881
2020-12-31,Azcapotzalco,CDMX,0.04844968174,2650584.1,128419.95607010434
2021-03-31,Azcapotzalco,CDMX,0.04844968174,2944607.2,142665.28168931254
2021-06-30,Azcapotzalco,CDMX,0.04844968174,2659692.8,128861.26968616946
2021-09-30,Azcapotzalco,CDMX,0.04844968174,2669881.7,129354.91864845017
2021-12-31,Azcapotzalco,CDMX,0.04844968174,2594129.6,125684.7535123135
2022-03-31,Azcapotzalco,CDMX,0.04844968174,2966769.4,143739.03322597075
2022-06-30,Azcapotzalco,CDMX,0.04844968174,2706016.8,131105.65274309323
2022-09-30,Azcapotzalco,CDMX,0.04844968174,2840890.3,137640.23089325312
2022-12-31,Azcapotzalco,CDMX,0.04844968174,2795685.9,135450.09210000545
2023-03-31,Azcapotzalco,CDMX,0.04844968174,3108307.2,150596.49459015054
2023-06-30,Azcapotzalco,CDMX,0.04844968174,2859903.6,138561.41922708027
2023-09-30,Azcapotzalco,CDMX,0.04844968174,2999960.2,145347.11692266676
2023-12-31,Azcapotzalco,CDMX,0.04844968174,2829452.9,137086.09250332005
2004-03-31,Coyoacán,CDMX,0.07081275429,2226949.7,157696.44192228923
2004-06-30,Coyoacán,CDMX,0.07081275429,2234735.2,158247.75462081403
2004-09-30,Coyoacán,CDMX,0.07081275429,2244809.2,158961.12230753148
2004-12-31,Coyoacán,CDMX,0.07081275429,2260342.1,160061.0497386426
2005-03-31,Coyoacán,CDMX,0.07081275429,2258091.6,159901.68563511298
2005-06-30,Coyoacán,CDMX,0.07081275429,2275031.1,161101.21828640843
2005-09-30,Coyoacán,CDMX,0.07081275429,2306940.8,163360.83203197602
2005-12-31,Coyoacán,CDMX,0.07081275429,2264522.1,160357.04705157483
2006-03-31,Coyoacán,CDMX,0.07081275429,2374722.9,168160.66922453625
2006-06-30,Coyoacán,CDMX,0.07081275429,2375920.8,168245.49582290024
2006-09-30,Coyoacán,CDMX,0.07081275429,2418787.1,171280.97659212167
2006-12-31,Coyoacán,CDMX,0.07081275429,2328557.9,164891.59842273837
2007-03-31,Coyoacán,CDMX,0.07081275429,2408565.9,170557.1852679727
2007-06-30,Coyoacán,CDMX,0.07081275429,2384221.0,168833.2558460581
2007-09-30,Coyoacán,CDMX,0.07081275429,2445567.4,173177.36339583414
2007-12-31,Coyoacán,CDMX,0.07081275429,2367585.4,167655.24319079137
2008-03-31,Coyoacán,CDMX,0.07081275429,2450391.2,173518.94995997826
2008-06-30,Coyoacán,CDMX,0.07081275429,2395356.9,169621.8195965561
2008-09-30,Coyoacán,CDMX,0.07081275429,2531001.6,179227.19440839687
2008-12-31,Coyoacán,CDMX,0.07081275429,2452219.9,173648.44524374837
2009-03-31,Coyoacán,CDMX,0.07081275429,2362516.4,167296.29333929534
2009-06-30,Coyoacán,CDMX,0.07081275429,2166510.9,153416.60402830676
2009-09-30,Coyoacán,CDMX,0.07081275429,2389483.6,169205.91504678465
2009-12-31,Coyoacán,CDMX,0.07081275429,2367831.3,167672.65604707127
2010-03-31,Coyoacán,CDMX,0.07081275429,2446910.4,173272.4649248456
2010-06-30,Coyoacán,CDMX,0.07081275429,2287425.1,161978.8715630787
2010-09-30,Coyoacán,CDMX,0.07081275429,2445278.9,173156.9339162215
2010-12-31,Coyoacán,CDMX,0.07081275429,2425671.8,171768.501161582
2011-03-31,Coyoacán,CDMX,0.07081275429,2533806.9,179425.8454280066
2011-06-30,Coyoacán,CDMX,0.07081275429,2332450.0,165167.2087437105
2011-09-30,Coyoacán,CDMX,0.07081275429,2569761.4,181971.8826021264
2011-12-31,Coyoacán,CDMX,0.07081275429,2515338.0,178118.01175030004
2012-03-31,Coyoacán,CDMX,0.07081275429,2633934.6,186516.16364572945
2012-06-30,Coyoacán,CDMX,0.07081275429,2438708.1,172691.63747033276
2012-09-30,Coyoacán,CDMX,0.07081275429,2592835.4,183605.81609461387
2012-12-31,Coyoacán,CDMX,0.07081275429,2598596.7,184013.78961590485
2013-03-31,Coyoacán,CDMX,0.07081275429,2673066.3,189287.18710277943
2013-06-30,Coyoacán,CDMX,0.07081275429,2479978.8,175614.12940880904
2013-09-30,Coyoacán,CDMX,0.07081275429,2668439.8,188959.57189505672
2013-12-31,Coyoacán,CDMX,0.07081275429,2626906.9,186018.5128524056
2014-03-31,Coyoacán,CDMX,0.07081275429,2748552.0,194632.5374292881
2014-06-30,Coyoacán,CDMX,0.07081275429,2503000.3,177244.34523169626
2014-09-30,Coyoacán,CDMX,0.07081275429,2686402.8,190231.581400368
2014-12-31,Coyoacán,CDMX,0.07081275429,2666305.5,188808.4362335756
2015-03-31,Coyoacán,CDMX,0.07081275429,2869792.9,203217.93949088655
2015-06-30,Coyoacán,CDMX,0.07081275429,2587230.0,183208.8822817167
2015-09-30,Coyoacán,CDMX,0.07081275429,2751624.2,194850.08837301785
2015-12-31,Coyoacán,CDMX,0.07081275429,2705692.6,191597.54526807126
2016-03-31,Coyoacán,CDMX,0.07081275429,2957233.6,209409.85629493216
2016-06-30,Coyoacán,CDMX,0.07081275429,2632606.6,186422.12430803233
2016-09-30,Coyoacán,CDMX,0.07081275429,2777401.3,196675.43582162657
2016-12-31,Coyoacán,CDMX,0.07081275429,2827543.6,200226.15019106204
2017-03-31,Coyoacán,CDMX,0.07081275429,3045539.9,215663.06861909118
2017-06-30,Coyoacán,CDMX,0.07081275429,2684909.3,190125.82255183588
2017-09-30,Coyoacán,CDMX,0.07081275429,2789710.7,197547.09833928393
2017-12-31,Coyoacán,CDMX,0.07081275429,2824719.7,200026.18205422253
2018-03-31,Coyoacán,CDMX,0.07081275429,3126459.6,221393.2154524117
2018-06-30,Coyoacán,CDMX,0.07081275429,2706598.0,191661.6591358054
2018-09-30,Coyoacán,CDMX,0.07081275429,2895109.0,205010.64225976763
2018-12-31,Coyoacán,CDMX,0.07081275429,2898492.7,205250.2513764587
2019-03-31,Coyoacán,CDMX,0.07081275429,3132839.1,221844.96541840475
2019-06-30,Coyoacán,CDMX,0.07081275429,2679500.0,189742.775120055
2019-09-30,Coyoacán,CDMX,0.07081275429,2895581.9,205044.12961127135
2019-12-31,Coyoacán,CDMX,0.07081275429,2804127.1,198567.96333023027
2020-03-31,Coyoacán,CDMX,0.07081275429,2856971.8,202310.042086859
2020-06-30,Coyoacán,CDMX,0.07081275429,2151114.3,152326.32837560534
2020-09-30,Coyoacán,CDMX,0.07081275429,2577710.4,182534.77318597762
2020-12-31,Coyoacán,CDMX,0.07081275429,2650584.1,187695.1605982808
2021-03-31,Coyoacán,CDMX,0.07081275429,2944607.2,208515.74613416492
2021-06-30,Coyoacán,CDMX,0.07081275429,2659692.8,188340.17273328212
2021-09-30,Coyoacán,CDMX,0.07081275429,2669881.7,189061.67680546752
2021-12-31,Coyoacán,CDMX,0.07081275429,2594129.6,183697.461961216
2022-03-31,Coyoacán,CDMX,0.07081275429,2966769.4,210085.11255729073
2022-06-30,Coyoacán,CDMX,0.07081275429,2706016.8,191620.50276301207
2022-09-30,Coyoacán,CDMX,0.07081275429,2840890.3,201171.26677874438
2022-12-31,Coyoacán,CDMX,0.07081275429,2795685.9,197970.2187087175
2023-03-31,Coyoacán,CDMX,0.07081275429,3108307.2,220107.79401143792
2023-06-30,Coyoacán,CDMX,0.07081275429,2859903.6,202517.65091988645
2023-09-30,Coyoacán,CDMX,0.07081275429,2999960.2,212435.4445223793
2023-12-31,Coyoacán,CDMX,0.07081275429,2829452.9,200361.35298282793
2004-03-31,Cuajimalpa de Morelos,CDMX,0.02054420376,2226949.7,45750.908400070875
2004-06-30,Cuajimalpa de Morelos,CDMX,0.02054420376,2234735.2,45910.85529844436
2004-09-30,Cuajimalpa de Morelos,CDMX,0.02054420376,2244809.2,46117.8176071226
2004-12-31,Cuajimalpa de Morelos,CDMX,0.02054420376,2260342.1,46436.9286697063
2005-03-31,Cuajimalpa de Morelos,CDMX,0.02054420376,2258091.6,46390.69393914442
2005-06-30,Cuajimalpa de Morelos,CDMX,0.02054420376,2275031.1,46738.70247873694
2005-09-30,Cuajimalpa de Morelos,CDMX,0.02054420376,2306940.8,47394.26185745741
2005-12-31,Cuajimalpa de Morelos,CDMX,0.02054420376,2264522.1,46522.8034414231
2006-03-31,Cuajimalpa de Morelos,CDMX,0.02054420376,2374722.9,48786.7911311381
2006-06-30,Cuajimalpa de Morelos,CDMX,0.02054420376,2375920.8,48811.40103282221
2006-09-30,Cuajimalpa de Morelos,CDMX,0.02054420376,2418787.1,49692.0550344595
2006-12-31,Cuajimalpa de Morelos,CDMX,0.02054420376,2328557.9,47838.36796455771
2007-03-31,Cuajimalpa de Morelos,CDMX,0.02054420376,2408565.9,49482.06861898778
2007-06-30,Cuajimalpa de Morelos,CDMX,0.02054420376,2384221.0,48981.92203287096
2007-09-30,Cuajimalpa de Morelos,CDMX,0.02054420376,2445567.4,50242.234974413426
2007-12-31,Cuajimalpa de Morelos,CDMX,0.02054420376,2367585.4,48640.156876801106
2008-03-31,Cuajimalpa de Morelos,CDMX,0.02054420376,2450391.2,50341.33610451092
2008-06-30,Cuajimalpa de Morelos,CDMX,0.02054420376,2395356.9,49210.70023152194
2008-09-30,Cuajimalpa de Morelos,CDMX,0.02054420376,2531001.6,51997.41258728602
2008-12-31,Cuajimalpa de Morelos,CDMX,0.02054420376,2452219.9,50378.90528992682
2009-03-31,Cuajimalpa de Morelos,CDMX,0.02054420376,2362516.4,48536.01830794167
2009-06-30,Cuajimalpa de Morelos,CDMX,0.02054420376,2166510.9,44509.241377860984
2009-09-30,Cuajimalpa de Morelos,CDMX,0.02054420376,2389483.6,49090.03795957834
2009-12-31,Cuajimalpa de Morelos,CDMX,0.02054420376,2367831.3,48645.20869650569
2010-03-31,Cuajimalpa de Morelos,CDMX,0.02054420376,2446910.4,50269.8258400631
2010-06-30,Cuajimalpa de Morelos,CDMX,0.02054420376,2287425.1,46993.32734013838
2010-09-30,Cuajimalpa de Morelos,CDMX,0.02054420376,2445278.9,50236.30797162867
2010-12-31,Cuajimalpa de Morelos,CDMX,0.02054420376,2425671.8,49833.49571408597
2011-03-31,Cuajimalpa de Morelos,CDMX,0.02054420376,2533806.9,52055.04524209395
2011-06-30,Cuajimalpa de Morelos,CDMX,0.02054420376,2332450.0,47918.328060012005
2011-09-30,Cuajimalpa de Morelos,CDMX,0.02054420376,2569761.4,52793.70181618287
2011-12-31,Cuajimalpa de Morelos,CDMX,0.02054420376,2515338.0,51675.61639727088
2012-03-31,Cuajimalpa de Morelos,CDMX,0.02054420376,2633934.6,54112.0891129141
2012-06-30,Cuajimalpa de Morelos,CDMX,0.02054420376,2438708.1,50101.31611756246
2012-09-30,Cuajimalpa de Morelos,CDMX,0.02054420376,2592835.4,53267.738773741105
2012-12-31,Cuajimalpa de Morelos,CDMX,0.02054420376,2598596.7,53386.1000948636
2013-03-31,Cuajimalpa de Morelos,CDMX,0.02054420376,2673066.3,54916.01873118929
2013-06-30,Cuajimalpa de Morelos,CDMX,0.02054420376,2479978.8,50949.18978768028
2013-09-30,Cuajimalpa de Morelos,CDMX,0.02054420376,2668439.8,54820.97097249365
2013-12-31,Cuajimalpa de Morelos,CDMX,0.02054420376,2626906.9,53967.710612149946
2014-03-31,Cuajimalpa de Morelos,CDMX,0.02054420376,2748552.0,56466.812332955524
2014-06-30,Cuajimalpa de Morelos,CDMX,0.02054420376,2503000.3,51422.14817454113
2014-09-30,Cuajimalpa de Morelos,CDMX,0.02054420376,2686402.8,55190.006504634526
2014-12-31,Cuajimalpa de Morelos,CDMX,0.02054420376,2666305.5,54777.123478408685
2015-03-31,Cuajimalpa de Morelos,CDMX,0.02054420376,2869792.9,58957.61008660131
2015-06-30,Cuajimalpa de Morelos,CDMX,0.02054420376,2587230.0,53152.5802939848
2015-09-30,Cuajimalpa de Morelos,CDMX,0.02054420376,2751624.2,56529.928235747
2015-12-31,Cuajimalpa de Morelos,CDMX,0.02054420376,2705692.6,55586.30008632418
2016-03-31,Cuajimalpa de Morelos,CDMX,0.02054420376,2957233.6,60754.00964431834
2016-06-30,Cuajimalpa de Morelos,CDMX,0.02054420376,2632606.6,54084.80641032082
2016-09-30,Cuajimalpa de Morelos,CDMX,0.02054420376,2777401.3,57059.49823048888
2016-12-31,Cuajimalpa de Morelos,CDMX,0.02054420376,2827543.6,58089.63185868394
2017-03-31,Cuajimalpa de Morelos,CDMX,0.02054420376,3045539.9,62568.19226481002
2017-06-30,Cuajimalpa de Morelos,CDMX,0.02054420376,2684909.3,55159.32373631897
2017-09-30,Cuajimalpa de Morelos,CDMX,0.02054420376,2789710.7,57312.38505225224
2017-12-31,Cuajimalpa de Morelos,CDMX,0.02054420376,2824719.7,58031.617081686076
2018-03-31,Cuajimalpa de Morelos,CDMX,0.02054420376,3126459.6,64230.6230698081
2018-06-30,Cuajimalpa de Morelos,CDMX,0.02054420376,2706598.0,55604.900808408485
2018-09-30,Cuajimalpa de Morelos,CDMX,0.02054420376,2895109.0,59477.709203409846
2018-12-31,Cuajimalpa de Morelos,CDMX,0.02054420376,2898492.7,59547.224625672556
2019-03-31,Cuajimalpa de Morelos,CDMX,0.02054420376,3132839.1,64361.68481769502
2019-06-30,Cuajimalpa de Morelos,CDMX,0.02054420376,2679500.0,55048.19397492
2019-09-30,Cuajimalpa de Morelos,CDMX,0.02054420376,2895581.9,59487.42455736794
2019-12-31,Cuajimalpa de Morelos,CDMX,0.02054420376,2804127.1,57608.5585113379
2020-03-31,Cuajimalpa de Morelos,CDMX,0.02054420376,2856971.8,58694.210795773964
2020-06-30,Cuajimalpa de Morelos,CDMX,0.02054420376,2151114.3,44192.93049024977
2020-09-30,Cuajimalpa de Morelos,CDMX,0.02054420376,2577710.4,52957.007691871106
2020-12-31,Cuajimalpa de Morelos,CDMX,0.02054420376,2650584.1,54454.13983341622
2021-03-31,Cuajimalpa de Morelos,CDMX,0.02054420376,2944607.2,60494.61030996308
2021-06-30,Cuajimalpa de Morelos,CDMX,0.02054420376,2659692.8,54641.270822204926
2021-09-30,Cuajimalpa de Morelos,CDMX,0.02054420376,2669881.7,54850.593659895196
2021-12-31,Cuajimalpa de Morelos,CDMX,0.02054420376,2594129.6,53294.3270822473
2022-03-31,Cuajimalpa de Morelos,CDMX,0.02054420376,2966769.4,60949.91506253294
2022-06-30,Cuajimalpa de Morelos,CDMX,0.02054420376,2706016.8,55592.960517183164
2022-09-30,Cuajimalpa de Morelos,CDMX,0.02054420376,2840890.3,58363.829183007525
2022-12-31,Cuajimalpa de Morelos,CDMX,0.02054420376,2795685.9,57435.14077855898
2023-03-31,Cuajimalpa de Morelos,CDMX,0.02054420376,3108307.2,63857.69646547508
2023-06-30,Cuajimalpa de Morelos,CDMX,0.02054420376,2859903.6,58754.44229235754
2023-09-30,Cuajimalpa de Morelos,CDMX,0.02054420376,2999960.2,61631.79362069036
2023-12-31,Cuajimalpa de Morelos,CDMX,0.02054420376,2829452.9,58128.856906922905
2004-03-31,Gustavo A. Madero,CDMX,0.1354414655,2226949.7,301621.33096278535
2004-06-30,Gustavo A. Madero,CDMX,0.1354414655,2234735.2,302675.81049243564
2004-09-30,Gustavo A. Madero,CDMX,0.1354414655,2244809.2,304040.2478158826
2004-12-31,Gustavo A. Madero,CDMX,0.1354414655,2260342.1,306144.04655534757
2005-03-31,Gustavo A. Madero,CDMX,0.1354414655,2258091.6,305839.2355372398
2005-06-30,Gustavo A. Madero,CDMX,0.1354414655,2275031.1,308133.5462420771
2005-09-30,Gustavo A. Madero,CDMX,0.1354414655,2306940.8,312455.44277374237
2005-12-31,Gustavo A. Madero,CDMX,0.1354414655,2264522.1,306710.19188113755
2006-03-31,Gustavo A. Madero,CDMX,0.1354414655,2374722.9,321635.9497324099
2006-06-30,Gustavo A. Madero,CDMX,0.1354414655,2375920.8,321798.1950639324
2006-09-30,Gustavo A. Madero,CDMX,0.1354414655,2418787.1,327604.06955649506
2006-12-31,Gustavo A. Madero,CDMX,0.1354414655,2328557.9,315383.2944776024
2007-03-31,Gustavo A. Madero,CDMX,0.1354414655,2408565.9,326219.6952493264
2007-06-30,Gustavo A. Madero,CDMX,0.1354414655,2384221.0,322922.3863158755
2007-09-30,Gustavo A. Madero,CDMX,0.1354414655,2445567.4,331231.2326350247
2007-12-31,Gustavo A. Madero,CDMX,0.1354414655,2367585.4,320669.2362724037
2008-03-31,Gustavo A. Madero,CDMX,0.1354414655,2450391.2,331884.5751763036
2008-06-30,Gustavo A. Madero,CDMX,0.1354414655,2395356.9,324430.64893153694
2008-09-30,Gustavo A. Madero,CDMX,0.1354414655,2531001.6,342802.5658868448
2008-12-31,Gustavo A. Madero,CDMX,0.1354414655,2452219.9,332132.2569842634
2009-03-31,Gustavo A. Madero,CDMX,0.1354414655,2362516.4,319982.6834837842
2009-06-30,Gustavo A. Madero,CDMX,0.1354414655,2166510.9,293435.4113177239
2009-09-30,Gustavo A. Madero,CDMX,0.1354414655,2389483.6,323635.1605722158
2009-12-31,Gustavo A. Madero,CDMX,0.1354414655,2367831.3,320702.5413287701
2010-03-31,Gustavo A. Madero,CDMX,0.1354414655,2446910.4,331413.1305231912
2010-06-30,Gustavo A. Madero,CDMX,0.1354414655,2287425.1,309812.20776548405
2010-09-30,Gustavo A. Madero,CDMX,0.1354414655,2445278.9,331192.15777222795
2010-12-31,Gustavo A. Madero,CDMX,0.1354414655,2425671.8,328536.5434140229
2011-03-31,Gustavo A. Madero,CDMX,0.1354414655,2533806.9,343182.51983001194
2011-06-30,Gustavo A. Madero,CDMX,0.1354414655,2332450.0,315910.446205475
2011-09-30,Gustavo A. Madero,CDMX,0.1354414655,2569761.4,348052.2500013317
2011-12-31,Gustavo A. Madero,CDMX,0.1354414655,2515338.0,340681.064947839
2012-03-31,Gustavo A. Madero,CDMX,0.1354414655,2633934.6,356743.9622551563
2012-06-30,Gustavo A. Madero,CDMX,0.1354414655,2438708.1,330302.19899072056
2012-09-30,Gustavo A. Madero,CDMX,0.1354414655,2592835.4,351177.4263762787
2012-12-31,Gustavo A. Madero,CDMX,0.1354414655,2598596.7,351957.74529146386
2013-03-31,Gustavo A. Madero,CDMX,0.1354414655,2673066.3,362044.0170506626
2013-06-30,Gustavo A. Madero,CDMX,0.1354414655,2479978.8,335891.96308093134
2013-09-30,Gustavo A. Madero,CDMX,0.1354414655,2668439.8,361417.39711052686
2013-12-31,Gustavo A. Madero,CDMX,0.1354414655,2626906.9,355792.12026806193
2014-03-31,Gustavo A. Madero,CDMX,0.1354414655,2748552.0,372267.910882956
2014-06-30,Gustavo A. Madero,CDMX,0.1354414655,2503000.3,339010.0287789396
2014-09-30,Gustavo A. Madero,CDMX,0.1354414655,2686402.8,363850.3321553034
2014-12-31,Gustavo A. Madero,CDMX,0.1354414655,2666305.5,361128.3243907102
2015-03-31,Gustavo A. Madero,CDMX,0.1354414655,2869792.9,388688.9560574949
2015-06-30,Gustavo A. Madero,CDMX,0.1354414655,2587230.0,350418.222785565
2015-09-30,Gustavo A. Madero,CDMX,0.1354414655,2751624.2,372684.0141532651
2015-12-31,Gustavo A. Madero,CDMX,0.1354414655,2705692.6,366462.9709365053
2016-03-31,Gustavo A. Madero,CDMX,0.1354414655,2957233.6,400532.0526098408
2016-06-30,Gustavo A. Madero,CDMX,0.1354414655,2632606.6,356564.0959889723
2016-09-30,Gustavo A. Madero,CDMX,0.1354414655,2777401.3,376175.3023536051
2016-12-31,Gustavo A. Madero,CDMX,0.1354414655,2827543.6,382966.6489491458
2017-03-31,Gustavo A. Madero,CDMX,0.1354414655,3045539.9,412492.3872947234
2017-06-30,Gustavo A. Madero,CDMX,0.1354414655,2684909.3,363648.05032657913
2017-09-30,Gustavo A. Madero,CDMX,0.1354414655,2789710.7,377842.50552903087
2017-12-31,Gustavo A. Madero,CDMX,0.1354414655,2824719.7,382584.17579472036
2018-03-31,Gustavo A. Madero,CDMX,0.1354414655,3126459.6,423452.2700505438
2018-06-30,Gustavo A. Madero,CDMX,0.1354414655,2706598.0,366585.599639369
2018-09-30,Gustavo A. Madero,CDMX,0.1354414655,2895109.0,392117.80574223946
2018-12-31,Gustavo A. Madero,CDMX,0.1354414655,2898492.7,392576.09902905184
2019-03-31,Gustavo A. Madero,CDMX,0.1354414655,3132839.1,424316.3188797011
2019-06-30,Gustavo A. Madero,CDMX,0.1354414655,2679500.0,362915.40680725
2019-09-30,Gustavo A. Madero,CDMX,0.1354414655,2895581.9,392181.85601127445
2019-12-31,Gustavo A. Madero,CDMX,0.1354414655,2804127.1,379795.08387226507
2020-03-31,Gustavo A. Madero,CDMX,0.1354414655,2856971.8,386952.4474841729
2020-06-30,Gustavo A. Madero,CDMX,0.1354414655,2151114.3,291350.0732500066
2020-09-30,Gustavo A. Madero,CDMX,0.1354414655,2577710.4,349128.8742105912
2020-12-31,Gustavo A. Madero,CDMX,0.1354414655,2650584.1,358998.99493499857
2021-03-31,Gustavo A. Madero,CDMX,0.1354414655,2944607.2,398821.9144898516
2021-06-30,Gustavo A. Madero,CDMX,0.1354414655,2659692.8,360232.6906117984
2021-09-30,Gustavo A. Madero,CDMX,0.1354414655,2669881.7,361612.69015963137
2021-12-31,Gustavo A. Madero,CDMX,0.1354414655,2594129.6,351352.7147209288
2022-03-31,Gustavo A. Madero,CDMX,0.1354414655,2966769.4,401823.5953365557
2022-06-30,Gustavo A. Madero,CDMX,0.1354414655,2706016.8,366506.88105962035
2022-09-30,Gustavo A. Madero,CDMX,0.1354414655,2840890.3,384774.3455567346
2022-12-31,Gustavo A. Madero,CDMX,0.1354414655,2795685.9,378651.7953736864
2023-03-31,Gustavo A. Madero,CDMX,0.1354414655,3108307.2,420993.6823922016
2023-06-30,Gustavo A. Madero,CDMX,0.1354414655,2859903.6,387349.5347727258
2023-09-30,Gustavo A. Madero,CDMX,0.1354414655,2999960.2,406319.0059296731
2023-12-31,Gustavo A. Madero,CDMX,0.1354414655,2829452.9,383225.2473392249
2004-03-31,Iztacalco,CDMX,0.04511440973,2226949.7,100467.52121390059
2004-06-30,Iztacalco,CDMX,0.04511440973,2234735.2,100818.7594508535
2004-09-30,Iztacalco,CDMX,0.04511440973,2244809.2,101273.24201447352
2004-12-31,Iztacalco,CDMX,0.04511440973,2260342.1,101973.99962936864
2005-03-31,Iztacalco,CDMX,0.04511440973,2258091.6,101872.46965027128
2005-06-30,Iztacalco,CDMX,0.04511440973,2275031.1,102636.68519389261
2005-09-30,Iztacalco,CDMX,0.04511440973,2306940.8,104076.27247405397
2005-12-31,Iztacalco,CDMX,0.04511440973,2264522.1,102162.57786204004
2006-03-31,Iztacalco,CDMX,0.04511440973,2374722.9,107134.22190581381
2006-06-30,Iztacalco,CDMX,0.04511440973,2375920.8,107188.26445722938
2006-09-30,Iztacalco,CDMX,0.04511440973,2418787.1,109122.15227903849
2006-12-31,Iztacalco,CDMX,0.04511440973,2328557.9,105051.51518062835
2007-03-31,Iztacalco,CDMX,0.04511440973,2408565.9,108661.0288743062
2007-06-30,Iztacalco,CDMX,0.04511440973,2384221.0,107562.72308087033
2007-09-30,Iztacalco,CDMX,0.04511440973,2445567.4,110330.3297059308
2007-12-31,Iztacalco,CDMX,0.04511440973,2367585.4,106812.21780636594
2008-03-31,Iztacalco,CDMX,0.04511440973,2450391.2,110547.95259558638
2008-06-30,Iztacalco,CDMX,0.04511440973,2395356.9,108065.11263618263
2008-09-30,Iztacalco,CDMX,0.04511440973,2531001.6,114184.64320968557
2008-12-31,Iztacalco,CDMX,0.04511440973,2452219.9,110630.45331665962
2009-03-31,Iztacalco,CDMX,0.04511440973,2362516.4,106583.53286344456
2009-06-30,Iztacalco,CDMX,0.04511440973,2166510.9,97740.86042711105
2009-09-30,Iztacalco,CDMX,0.04511440973,2389483.6,107800.14217351543
2009-12-31,Iztacalco,CDMX,0.04511440973,2367831.3,106823.31143971854
2010-03-31,Iztacalco,CDMX,0.04511440973,2446910.4,110390.91835819819
2010-06-30,Iztacalco,CDMX,0.04511440973,2287425.1,103195.83318808622
2010-09-30,Iztacalco,CDMX,0.04511440973,2445278.9,110317.31419872369
2010-12-31,Iztacalco,CDMX,0.04511440973,2425671.8,109432.7514557066
2011-03-31,Iztacalco,CDMX,0.04511440973,2533806.9,114311.20266330113
2011-06-30,Iztacalco,CDMX,0.04511440973,2332450.0,105227.1049747385
2011-09-30,Iztacalco,CDMX,0.04511440973,2569761.4,115933.26870793842
2011-12-31,Iztacalco,CDMX,0.04511440973,2515338.0,113477.98914143874
2012-03-31,Iztacalco,CDMX,0.04511440973,2633934.6,118828.40474642366
2012-06-30,Iztacalco,CDMX,0.04511440973,2438708.1,110020.87643526982
2012-09-30,Iztacalco,CDMX,0.04511440973,2592835.4,116974.23859804844
2012-12-31,Iztacalco,CDMX,0.04511440973,2598596.7,117234.15624682589
2013-03-31,Iztacalco,CDMX,0.04511440973,2673066.3,120593.80829365509
2013-06-30,Iztacalco,CDMX,0.04511440973,2479978.8,111882.77970491372
2013-09-30,Iztacalco,CDMX,0.04511440973,2668439.8,120385.08647703924
2013-12-31,Iztacalco,CDMX,0.04511440973,2626906.9,118511.35420916413
2014-03-31,Iztacalco,CDMX,0.04511440973,2748552.0,123999.30109221095
2014-06-30,Iztacalco,CDMX,0.04511440973,2503000.3,112921.3810885129
2014-09-30,Iztacalco,CDMX,0.04511440973,2686402.8,121195.47661901923
2014-12-31,Iztacalco,CDMX,0.04511440973,2666305.5,120288.7987923525
2015-03-31,Iztacalco,CDMX,0.04511440973,2869792.9,129469.01273084492
2015-06-30,Iztacalco,CDMX,0.04511440973,2587230.0,116721.3542857479
2015-09-30,Iztacalco,CDMX,0.04511440973,2751624.2,124137.90158178347
2015-12-31,Iztacalco,CDMX,0.04511440973,2705692.6,122065.724559829
2016-03-31,Iztacalco,CDMX,0.04511440973,2957233.6,133413.84829772293
2016-06-30,Iztacalco,CDMX,0.04511440973,2632606.6,118768.49281030222
2016-09-30,Iztacalco,CDMX,0.04511440973,2777401.3,125300.82023283464
2016-12-31,Iztacalco,CDMX,0.04511440973,2827543.6,127562.96049983923
2017-03-31,Iztacalco,CDMX,0.04511440973,3045539.9,137397.7348976632
2017-06-30,Iztacalco,CDMX,0.04511440973,2684909.3,121128.09824808748
2017-09-30,Iztacalco,CDMX,0.04511440973,2789710.7,125856.15154796511
2017-12-31,Iztacalco,CDMX,0.04511440973,2824719.7,127435.56191820269
2018-03-31,Iztacalco,CDMX,0.04511440973,3126459.6,141048.3793986919
2018-06-30,Iztacalco,CDMX,0.04511440973,2706598.0,122106.57114639854
2018-09-30,Iztacalco,CDMX,0.04511440973,2895109.0,130611.13363901057
2018-12-31,Iztacalco,CDMX,0.04511440973,2898492.7,130763.78726721398
2019-03-31,Iztacalco,CDMX,0.04511440973,3132839.1,141336.18677556445
2019-06-30,Iztacalco,CDMX,0.04511440973,2679500.0,120884.060871535
2019-09-30,Iztacalco,CDMX,0.04511440973,2895581.9,130632.46824337188
2019-12-31,Iztacalco,CDMX,0.04511440973,2804127.1,126506.53892439668
2020-03-31,Iztacalco,CDMX,0.04511440973,2856971.8,128890.5963722556
2020-06-30,Iztacalco,CDMX,0.04511440973,2151114.3,97046.25190626213
2020-09-30,Iztacalco,CDMX,0.04511440973,2577710.4,116291.88315088219
2020-12-31,Iztacalco,CDMX,0.04511440973,2650584.1,119579.5371112233
2021-03-31,Iztacalco,CDMX,0.04511440973,2944607.2,132844.21571470806
2021-06-30,Iztacalco,CDMX,0.04511440973,2659692.8,119990.47073513093
2021-09-30,Iztacalco,CDMX,0.04511440973,2669881.7,120450.13694442894
2021-12-31,Iztacalco,CDMX,0.04511440973,2594129.6,117032.62566712101
2022-03-31,Iztacalco,CDMX,0.04511440973,2966769.4,133844.05028602626
2022-06-30,Iztacalco,CDMX,0.04511440973,2706016.8,122080.35065146345
2022-09-30,Iztacalco,CDMX,0.04511440973,2840890.3,128165.0889921826
2022-12-31,Iztacalco,CDMX,0.04511440973,2795685.9,126125.71916898381
2023-03-31,Iztacalco,CDMX,0.04511440973,3108307.2,140229.44458750906
2023-06-30,Iztacalco,CDMX,0.04511440973,2859903.6,129022.86279870203
2023-09-30,Iztacalco,CDMX,0.04511440973,2999960.2,135341.43363649276
2023-12-31,Iztacalco,CDMX,0.04511440973,2829452.9,127649.09744233672
2004-03-31,Iztapalapa,CDMX,0.2048287736,2226949.7,456143.37591988797
2004-06-30,Iztapalapa,CDMX,0.2048287736,2234735.2,457738.07033675077
2004-09-30,Iztapalapa,CDMX,0.2048287736,2244809.2,459801.5154019972
2004-12-31,Iztapalapa,CDMX,0.2048287736,2260342.1,462983.10025944863
2005-03-31,Iztapalapa,CDMX,0.2048287736,2258091.6,462522.1331044618
2005-06-30,Iztapalapa,CDMX,0.2048287736,2275031.1,465991.830114859
2005-09-30,Iztapalapa,CDMX,0.2048287736,2306940.8,472527.8548318029
2005-12-31,Iztapalapa,CDMX,0.2048287736,2264522.1,463839.2845330966
2006-03-31,Iztapalapa,CDMX,0.2048287736,2374722.9,486411.57924683543
2006-06-30,Iztapalapa,CDMX,0.2048287736,2375920.8,486656.9436347309
2006-09-30,Iztapalapa,CDMX,0.2048287736,2418787.1,495437.1952925006
2006-12-31,Iztapalapa,CDMX,0.2048287736,2328557.9,476955.65891359147
2007-03-31,Iztapalapa,CDMX,0.2048287736,2408565.9,493343.5994317802
2007-06-30,Iztapalapa,CDMX,0.2048287736,2384221.0,488357.06342136563
2007-09-30,Iztapalapa,CDMX,0.2048287736,2445567.4,500922.5712981407
2007-12-31,Iztapalapa,CDMX,0.2048287736,2367585.4,484949.61387526547
2008-03-31,Iztapalapa,CDMX,0.2048287736,2450391.2,501910.6243362324
2008-06-30,Iztapalapa,CDMX,0.2048287736,2395356.9,490638.01616129786
2008-09-30,Iztapalapa,CDMX,0.2048287736,2531001.6,518421.9537076378
2008-12-31,Iztapalapa,CDMX,0.2048287736,2452219.9,502285.19471451466
2009-03-31,Iztapalapa,CDMX,0.2048287736,2362516.4,483911.33682188706
2009-06-30,Iztapalapa,CDMX,0.2048287736,2166510.9,443763.77063803223
2009-09-30,Iztapalapa,CDMX,0.2048287736,2389483.6,489434.995325313
2009-12-31,Iztapalapa,CDMX,0.2048287736,2367831.3,484999.98127069365
2010-03-31,Iztapalapa,CDMX,0.2048287736,2446910.4,501197.65634108544
2010-06-30,Iztapalapa,CDMX,0.2048287736,2287425.1,468530.4779348574
2010-09-30,Iztapalapa,CDMX,0.2048287736,2445278.9,500863.47819695703
2010-12-31,Iztapalapa,CDMX,0.2048287736,2425671.8,496847.37995010446
2011-03-31,Iztapalapa,CDMX,0.2048287736,2533806.9,518996.55986621784
2011-06-30,Iztapalapa,CDMX,0.2048287736,2332450.0,477752.87298332003
2011-09-30,Iztapalapa,CDMX,0.2048287736,2569761.4,526361.076006619
2011-12-31,Iztapalapa,CDMX,0.2048287736,2515338.0,515213.5977294768
2012-03-31,Iztapalapa,CDMX,0.2048287736,2633934.6,539505.5938606067
2012-06-30,Iztapalapa,CDMX,0.2048287736,2438708.1,499517.5892913862
2012-09-30,Iztapalapa,CDMX,0.2048287736,2592835.4,531087.2951286654
2012-12-31,Iztapalapa,CDMX,0.2048287736,2598596.7,532267.3751420073
2013-03-31,Iztapalapa,CDMX,0.2048287736,2673066.3,547520.8919804897
2013-06-30,Iztapalapa,CDMX,0.2048287736,2479978.8,507971.0161579997
2013-09-30,Iztapalapa,CDMX,0.2048287736,2668439.8,546573.2516594293
2013-12-31,Iztapalapa,CDMX,0.2048287736,2626906.9,538066.1186883779
2014-03-31,Iztapalapa,CDMX,0.2048287736,2748552.0,562982.5353358273
2014-06-30,Iztapalapa,CDMX,0.2048287736,2503000.3,512686.4817694321
2014-09-30,Iztapalapa,CDMX,0.2048287736,2686402.8,550252.590919606
2014-12-31,Iztapalapa,CDMX,0.2048287736,2666305.5,546136.0856079349
2015-03-31,Iztapalapa,CDMX,0.2048287736,2869792.9,587816.1601929874
2015-06-30,Iztapalapa,CDMX,0.2048287736,2587230.0,529939.1479211281
2015-09-30,Iztapalapa,CDMX,0.2048287736,2751624.2,563611.8102940812
2015-12-31,Iztapalapa,CDMX,0.2048287736,2705692.6,554203.6969965954
2016-03-31,Iztapalapa,CDMX,0.2048287736,2957233.6,605726.531536713
2016-06-30,Iztapalapa,CDMX,0.2048287736,2632606.6,539233.5812492658
2016-09-30,Iztapalapa,CDMX,0.2048287736,2777401.3,568891.7020740457
2016-12-31,Iztapalapa,CDMX,0.2048287736,2827543.6,579162.287888529
2017-03-31,Iztapalapa,CDMX,0.2048287736,3045539.9,623814.2026668667
2017-06-30,Iztapalapa,CDMX,0.2048287736,2684909.3,549946.6791462345
2017-09-30,Iztapalapa,CDMX,0.2048287736,2789710.7,571413.0213797976
2017-12-31,Iztapalapa,CDMX,0.2048287736,2824719.7,578583.87191476
2018-03-31,Iztapalapa,CDMX,0.2048287736,3126459.6,640388.8855779467
2018-06-30,Iztapalapa,CDMX,0.2048287736,2706598.0,554389.1489682129
2018-09-30,Iztapalapa,CDMX,0.2048287736,2895109.0,593001.6259083224
2018-12-31,Iztapalapa,CDMX,0.2048287736,2898492.7,593694.7050295528
2019-03-31,Iztapalapa,CDMX,0.2048287736,3132839.1,641695.5907391278
2019-06-30,Iztapalapa,CDMX,0.2048287736,2679500.0,548838.6988612
2019-09-30,Iztapalapa,CDMX,0.2048287736,2895581.9,593098.4894353579
2019-12-31,Iztapalapa,CDMX,0.2048287736,2804127.1,574365.9149115246
2020-03-31,Iztapalapa,CDMX,0.2048287736,2856971.8,585190.0300037845
2020-06-30,Iztapalapa,CDMX,0.2048287736,2151114.3,440610.1039424225
2020-09-30,Iztapalapa,CDMX,0.2048287736,2577710.4,527989.2599279655
2020-12-31,Iztapalapa,CDMX,0.2048287736,2650584.1,542915.8905266598
2021-03-31,Iztapalapa,CDMX,0.2048287736,2944607.2,603140.28150973
2021-06-30,Iztapalapa,CDMX,0.2048287736,2659692.8,544781.6143767501
2021-09-30,Iztapalapa,CDMX,0.2048287736,2669881.7,546868.5942680832
2021-12-31,Iztapalapa,CDMX,0.2048287736,2594129.6,531352.3845274586
2022-03-31,Iztapalapa,CDMX,0.2048287736,2966769.4,607679.7377560078
2022-06-30,Iztapalapa,CDMX,0.2048287736,2706016.8,554270.1024849964
2022-09-30,Iztapalapa,CDMX,0.2048287736,2840890.3,581896.0760811361
2022-12-31,Iztapalapa,CDMX,0.2048287736,2795685.9,572636.9142678123
2023-03-31,Iztapalapa,CDMX,0.2048287736,3108307.2,636670.75174805
2023-06-30,Iztapalapa,CDMX,0.2048287736,2859903.6,585790.5470022251
2023-09-30,Iztapalapa,CDMX,0.2048287736,2999960.2,614478.1686148108
2023-12-31,Iztapalapa,CDMX,0.2048287736,2829452.9,579553.3674659635
2004-03-31,La Magdalena Contreras,CDMX,0.02648820794,2226949.7,58987.906725520625
2004-06-30,La Magdalena Contreras,CDMX,0.02648820794,2234735.2,59194.130668437494
2004-09-30,La Magdalena Contreras,CDMX,0.02648820794,2244809.2,59460.97287522505
2004-12-31,La Magdalena Contreras,CDMX,0.02648820794,2260342.1,59872.41156033628
2005-03-31,La Magdalena Contreras,CDMX,0.02648820794,2258091.6,59812.79984836731
2005-06-30,La Magdalena Contreras,CDMX,0.02648820794,2275031.1,60261.49684676694
2005-09-30,La Magdalena Contreras,CDMX,0.02648820794,2306940.8,61106.72761566995
2005-12-31,La Magdalena Contreras,CDMX,0.02648820794,2264522.1,59983.13226952548
2006-03-31,La Magdalena Contreras,CDMX,0.02648820794,2374722.9,62902.153975079826
2006-06-30,La Magdalena Contreras,CDMX,0.02648820794,2375920.8,62933.88419937115
2006-09-30,La Magdalena Contreras,CDMX,0.02648820794,2418787.1,64069.335667389576
2006-12-31,La Magdalena Contreras,CDMX,0.02648820794,2328557.9,61679.32585552973
2007-03-31,La Magdalena Contreras,CDMX,0.02648820794,2408565.9,63798.594396393244
2007-06-30,La Magdalena Contreras,CDMX,0.02648820794,2384221.0,63153.74162291474
2007-09-30,La Magdalena Contreras,CDMX,0.02648820794,2445567.4,64778.697822485155
2007-12-31,La Magdalena Contreras,CDMX,0.02648820794,2367585.4,62713.094390908074
2008-03-31,La Magdalena Contreras,CDMX,0.02648820794,2450391.2,64906.47163994613
2008-06-30,La Magdalena Contreras,CDMX,0.02648820794,2395356.9,63448.711657713786
2008-09-30,La Magdalena Contreras,CDMX,0.02648820794,2531001.6,67041.6966772727
2008-12-31,La Magdalena Contreras,CDMX,0.02648820794,2452219.9,64954.910625806006
2009-03-31,La Magdalena Contreras,CDMX,0.02648820794,2362516.4,62578.82566486022
2009-06-30,La Magdalena Contreras,CDMX,0.02648820794,2166510.9,57386.99122347654
2009-09-30,La Magdalena Contreras,CDMX,0.02648820794,2389483.6,63293.13846601979
2009-12-31,La Magdalena Contreras,CDMX,0.02648820794,2367831.3,62719.60784124052
2010-03-31,La Magdalena Contreras,CDMX,0.02648820794,2446910.4,64814.27148574858
2010-06-30,La Magdalena Contreras,CDMX,0.02648820794,2287425.1,60589.7916959753
2010-09-30,La Magdalena Contreras,CDMX,0.02648820794,2445278.9,64771.05597449447
2010-12-31,La Magdalena Contreras,CDMX,0.02648820794,2425671.8,64251.69903259409
2011-03-31,La Magdalena Contreras,CDMX,0.02648820794,2533806.9,67116.00404700679
2011-06-30,La Magdalena Contreras,CDMX,0.02648820794,2332450.0,61782.420609653
2011-09-30,La Magdalena Contreras,CDMX,0.02648820794,2569761.4,68068.37431938552
2011-12-31,La Magdalena Contreras,CDMX,0.02648820794,2515338.0,66626.79598338372
2012-03-31,La Magdalena Contreras,CDMX,0.02648820794,2633934.6,69768.20738516073
2012-06-30,La Magdalena Contreras,CDMX,0.02648820794,2438708.1,64597.00725776232
2012-09-30,La Magdalena Contreras,CDMX,0.02648820794,2592835.4,68679.56322939308
2012-12-31,La Magdalena Contreras,CDMX,0.02648820794,2598596.7,68832.1697417978
2013-03-31,La Magdalena Contreras,CDMX,0.02648820794,2673066.3,70804.73599180642
2013-06-30,La Magdalena Contreras,CDMX,0.02648820794,2479978.8,65690.19414119166
2013-09-30,La Magdalena Contreras,CDMX,0.02648820794,2668439.8,70682.18829777201
2013-12-31,La Magdalena Contreras,CDMX,0.02648820794,2626906.9,69582.05620622079
2014-03-31,La Magdalena Contreras,CDMX,0.02648820794,2748552.0,72804.21690990288
2014-06-30,La Magdalena Contreras,CDMX,0.02648820794,2503000.3,66299.99242028237
2014-09-30,La Magdalena Contreras,CDMX,0.02648820794,2686402.8,71157.99597699822
2014-12-31,La Magdalena Contreras,CDMX,0.02648820794,2666305.5,70625.65451556568
2015-03-31,La Magdalena Contreras,CDMX,0.02648820794,2869792.9,76015.67107993562
2015-06-30,La Magdalena Contreras,CDMX,0.02648820794,2587230.0,68531.0862286062
2015-09-30,La Magdalena Contreras,CDMX,0.02648820794,2751624.2,72885.59398233616
2015-12-31,La Magdalena Contreras,CDMX,0.02648820794,2705692.6,71668.94821051924
2016-03-31,La Magdalena Contreras,CDMX,0.02648820794,2957233.6,78331.81852395479
2016-06-30,La Magdalena Contreras,CDMX,0.02648820794,2632606.6,69733.03104501641
2016-09-30,La Magdalena Contreras,CDMX,0.02648820794,2777401.3,73568.38316722632
2016-12-31,La Magdalena Contreras,CDMX,0.02648820794,2827543.6,74896.5628362162
2017-03-31,La Magdalena Contreras,CDMX,0.02648820794,3045539.9,80670.89416076681
2017-06-30,La Magdalena Contreras,CDMX,0.02648820794,2684909.3,71118.43583843984
2017-09-30,La Magdalena Contreras,CDMX,0.02648820794,2789710.7,73894.43711404297
2017-12-31,La Magdalena Contreras,CDMX,0.02648820794,2824719.7,74821.76278581443
2018-03-31,La Magdalena Contreras,CDMX,0.02648820794,3126459.6,82814.31200080924
2018-06-30,La Magdalena Contreras,CDMX,0.02648820794,2706598.0,71692.93063398813
2018-09-30,La Magdalena Contreras,CDMX,0.02648820794,2895109.0,76686.24920096547
2018-12-31,La Magdalena Contreras,CDMX,0.02648820794,2898492.7,76775.87735017204
2019-03-31,La Magdalena Contreras,CDMX,0.02648820794,3132839.1,82983.29352336246
2019-06-30,La Magdalena Contreras,CDMX,0.02648820794,2679500.0,70975.15317523
2019-09-30,La Magdalena Contreras,CDMX,0.02648820794,2895581.9,76698.77547450029
2019-12-31,La Magdalena Contreras,CDMX,0.02648820794,2804127.1,74276.30171498918
2020-03-31,La Magdalena Contreras,CDMX,0.02648820794,2856971.8,75676.0631171161
2020-06-30,La Magdalena Contreras,CDMX,0.02648820794,2151114.3,56979.16288110754
2020-09-30,La Magdalena Contreras,CDMX,0.02648820794,2577710.4,68278.92908430057
2020-12-31,La Magdalena Contreras,CDMX,0.02648820794,2650584.1,70209.22280325776
2021-03-31,La Magdalena Contreras,CDMX,0.02648820794,2944607.2,77997.36781522118
2021-06-30,La Magdalena Contreras,CDMX,0.02648820794,2659692.8,70450.49594292082
2021-09-30,La Magdalena Contreras,CDMX,0.02648820794,2669881.7,70720.38164480071
2021-12-31,La Magdalena Contreras,CDMX,0.02648820794,2594129.6,68713.84426810902
2022-03-31,La Magdalena Contreras,CDMX,0.02648820794,2966769.4,78584.40477722904
2022-06-30,La Magdalena Contreras,CDMX,0.02648820794,2706016.8,71677.5356875334
2022-09-30,La Magdalena Contreras,CDMX,0.02648820794,2840890.3,75250.09300112897
2022-12-31,La Magdalena Contreras,CDMX,0.02648820794,2795685.9,74052.70945412604
2023-03-31,La Magdalena Contreras,CDMX,0.02648820794,3108307.2,82333.48745499918
2023-06-30,La Magdalena Contreras,CDMX,0.02648820794,2859903.6,75753.7212451546
2023-09-30,La Magdalena Contreras,CDMX,0.02648820794,2999960.2,79463.56958932399
2023-12-31,La Magdalena Contreras,CDMX,0.02648820794,2829452.9,74947.13677163603
2004-03-31,Milpa Alta,CDMX,0.0139666608,2226949.7,31103.051078561766
2004-06-30,Milpa Alta,CDMX,0.0139666608,2234735.2,31211.788516220164
2004-09-30,Milpa Alta,CDMX,0.0139666608,2244809.2,31352.488657119364
2004-12-31,Milpa Alta,CDMX,0.0139666608,2260342.1,31569.431402659684
2005-03-31,Milpa Alta,CDMX,0.0139666608,2258091.6,31537.999432529283
2005-06-30,Milpa Alta,CDMX,0.0139666608,2275031.1,31774.587683150883
2005-09-30,Milpa Alta,CDMX,0.0139666608,2306940.8,32220.25963928064
2005-12-31,Milpa Alta,CDMX,0.0139666608,2264522.1,31627.812044803683
2006-03-31,Milpa Alta,CDMX,0.0139666608,2374722.9,33166.94923829232
2006-06-30,Milpa Alta,CDMX,0.0139666608,2375920.8,33183.67990126464
2006-09-30,Milpa Alta,CDMX,0.0139666608,2418787.1,33782.37897311569
2006-12-31,Milpa Alta,CDMX,0.0139666608,2328557.9,32522.17834246032
2007-03-31,Milpa Alta,CDMX,0.0139666608,2408565.9,33639.62293974672
2007-06-30,Milpa Alta,CDMX,0.0139666608,2384221.0,33299.6059792368
2007-09-30,Milpa Alta,CDMX,0.0139666608,2445567.4,34156.41033933792
2007-12-31,Milpa Alta,CDMX,0.0139666608,2367585.4,33067.26219683232
2008-03-31,Milpa Alta,CDMX,0.0139666608,2450391.2,34223.78271770496
2008-06-30,Milpa Alta,CDMX,0.0139666608,2395356.9,33455.13731723952
2008-09-30,Milpa Alta,CDMX,0.0139666608,2531001.6,35349.640831457284
2008-12-31,Milpa Alta,CDMX,0.0139666608,2452219.9,34249.32355030992
2009-03-31,Milpa Alta,CDMX,0.0139666608,2362516.4,32996.46519323712
2009-06-30,Milpa Alta,CDMX,0.0139666608,2166510.9,30258.922859802722
2009-09-30,Milpa Alta,CDMX,0.0139666608,2389483.6,33373.10692836288
2009-12-31,Milpa Alta,CDMX,0.0139666608,2367831.3,33070.696598723036
2010-03-31,Milpa Alta,CDMX,0.0139666608,2446910.4,34175.16756479232
2010-06-30,Milpa Alta,CDMX,0.0139666608,2287425.1,31947.690477106084
2010-09-30,Milpa Alta,CDMX,0.0139666608,2445278.9,34152.38095769712
2010-12-31,Milpa Alta,CDMX,0.0139666608,2425671.8,33878.53524272544
2011-03-31,Milpa Alta,CDMX,0.0139666608,2533806.9,35388.82150499952
2011-06-30,Milpa Alta,CDMX,0.0139666608,2332450.0,32576.537982960002
2011-09-30,Milpa Alta,CDMX,0.0139666608,2569761.4,35890.985810733124
2011-12-31,Milpa Alta,CDMX,0.0139666608,2515338.0,35130.872643350405
2012-03-31,Milpa Alta,CDMX,0.0139666608,2633934.6,36787.271127583685
2012-06-30,Milpa Alta,CDMX,0.0139666608,2438708.1,34060.60882291248
2012-09-30,Milpa Alta,CDMX,0.0139666608,2592835.4,36213.25254203232
2012-12-31,Milpa Alta,CDMX,0.0139666608,2598596.7,36293.71866489937
2013-03-31,Milpa Alta,CDMX,0.0139666608,2673066.3,37333.81030801104
2013-06-30,Milpa Alta,CDMX,0.0139666608,2479978.8,34637.02269079104
2013-09-30,Milpa Alta,CDMX,0.0139666608,2668439.8,37269.19355181984
2013-12-31,Milpa Alta,CDMX,0.0139666608,2626906.9,36689.11762547952
2014-03-31,Milpa Alta,CDMX,0.0139666608,2748552.0,38388.0934751616
2014-06-30,Milpa Alta,CDMX,0.0139666608,2503000.3,34958.55617239824
2014-09-30,Milpa Alta,CDMX,0.0139666608,2686402.8,37520.07667977024
2014-12-31,Milpa Alta,CDMX,0.0139666608,2666305.5,37239.384507674404
2015-03-31,Milpa Alta,CDMX,0.0139666608,2869792.9,40081.42400054832
2015-06-30,Milpa Alta,CDMX,0.0139666608,2587230.0,36134.963821584
2015-09-30,Milpa Alta,CDMX,0.0139666608,2751624.2,38431.001850471366
2015-12-31,Milpa Alta,CDMX,0.0139666608,2705692.6,37789.49077327008
2016-03-31,Milpa Alta,CDMX,0.0139666608,2957233.6,41302.67859756288
2016-06-30,Milpa Alta,CDMX,0.0139666608,2632606.6,36768.72340204129
2016-09-30,Milpa Alta,CDMX,0.0139666608,2777401.3,38791.02186257904
2016-12-31,Milpa Alta,CDMX,0.0139666608,2827543.6,39491.34235841088
2017-03-31,Milpa Alta,CDMX,0.0139666608,3045539.9,42536.02273616592
2017-06-30,Milpa Alta,CDMX,0.0139666608,2684909.3,37499.21747186544
2017-09-30,Milpa Alta,CDMX,0.0139666608,2789710.7,38962.94307703056
2017-12-31,Milpa Alta,CDMX,0.0139666608,2824719.7,39451.90190497776
2018-03-31,Milpa Alta,CDMX,0.0139666608,3126459.6,43666.20073810368
2018-06-30,Milpa Alta,CDMX,0.0139666608,2706598.0,37802.1361879584
2018-09-30,Milpa Alta,CDMX,0.0139666608,2895109.0,40435.0053820272
2018-12-31,Milpa Alta,CDMX,0.0139666608,2898492.7,40482.26437217616
2019-03-31,Milpa Alta,CDMX,0.0139666608,3132839.1,43755.301050677284
2019-06-30,Milpa Alta,CDMX,0.0139666608,2679500.0,37423.6676136
2019-09-30,Milpa Alta,CDMX,0.0139666608,2895581.9,40441.61021591952
2019-12-31,Milpa Alta,CDMX,0.0139666608,2804127.1,39164.29204578768
2020-03-31,Milpa Alta,CDMX,0.0139666608,2856971.8,39902.35604576544
2020-06-30,Milpa Alta,CDMX,0.0139666608,2151114.3,30043.88377012944
2020-09-30,Milpa Alta,CDMX,0.0139666608,2577710.4,36002.00679743232
2020-12-31,Milpa Alta,CDMX,0.0139666608,2650584.1,37019.80904657328
2021-03-31,Milpa Alta,CDMX,0.0139666608,2944607.2,41126.32995163777
2021-06-30,Milpa Alta,CDMX,0.0139666608,2659692.8,37147.02716980224
2021-09-30,Milpa Alta,CDMX,0.0139666608,2669881.7,37289.332080027365
2021-12-31,Milpa Alta,CDMX,0.0139666608,2594129.6,36231.32819443968
2022-03-31,Milpa Alta,CDMX,0.0139666608,2966769.4,41435.86188161952
2022-06-30,Milpa Alta,CDMX,0.0139666608,2706016.8,37794.01876470144
2022-09-30,Milpa Alta,CDMX,0.0139666608,2840890.3,39677.75119011024
2022-12-31,Milpa Alta,CDMX,0.0139666608,2795685.9,39046.39666864272
2023-03-31,Milpa Alta,CDMX,0.0139666608,3108307.2,43412.67232459776
2023-06-30,Milpa Alta,CDMX,0.0139666608,2859903.6,39943.30350189888
2023-09-30,Milpa Alta,CDMX,0.0139666608,2999960.2,41899.42652690016
2023-12-31,Milpa Alta,CDMX,0.0139666608,2829452.9,39518.00890387632
2004-03-31,Álvaro Obregón,CDMX,0.08135593396,2226949.7,181175.57272544183
2004-06-30,Álvaro Obregón,CDMX,0.08135593396,2234735.2,181808.96934928742
2004-09-30,Álvaro Obregón,CDMX,0.08135593396,2244809.2,182628.54902800045
2004-12-31,Álvaro Obregón,CDMX,0.08135593396,2260342.1,183892.24261460773
2005-03-31,Álvaro Obregón,CDMX,0.08135593396,2258091.6,183709.15108523075
2005-06-30,Álvaro Obregón,CDMX,0.08135593396,2275031.1,185087.27992854617
2005-09-30,Álvaro Obregón,CDMX,0.08135593396,2306940.8,187683.32337442954
2005-12-31,Álvaro Obregón,CDMX,0.08135593396,2264522.1,184232.31041856052
2006-03-31,Álvaro Obregón,CDMX,0.08135593396,2374722.9,193197.7994256997
2006-06-30,Álvaro Obregón,CDMX,0.08135593396,2375920.8,193295.25569899037
2006-09-30,Álvaro Obregón,CDMX,0.08135593396,2418787.1,196782.6835708999
2006-12-31,Álvaro Obregón,CDMX,0.08135593396,2328557.9,189442.00273443628
2007-03-31,Álvaro Obregón,CDMX,0.08135593396,2408565.9,195951.12829870795
2007-06-30,Álvaro Obregón,CDMX,0.08135593396,2384221.0,193970.52622204516
2007-09-30,Álvaro Obregón,CDMX,0.08135593396,2445567.4,198961.4198891289
2007-12-31,Álvaro Obregón,CDMX,0.08135593396,2367585.4,192617.12144706017
2008-03-31,Álvaro Obregón,CDMX,0.08135593396,2450391.2,199353.86464336517
2008-06-30,Álvaro Obregón,CDMX,0.08135593396,2395356.9,194876.49776703032
2008-09-30,Álvaro Obregón,CDMX,0.08135593396,2531001.6,205911.99902225434
2008-12-31,Álvaro Obregón,CDMX,0.08135593396,2452219.9,199502.6402397978
2009-03-31,Álvaro Obregón,CDMX,0.08135593396,2362516.4,192204.72821781694
2009-06-30,Álvaro Obregón,CDMX,0.08135593396,2166510.9,176258.51770402017
2009-09-30,Álvaro Obregón,CDMX,0.08135593396,2389483.6,194398.66996010306
2009-12-31,Álvaro Obregón,CDMX,0.08135593396,2367831.3,192637.12687122094
2010-03-31,Álvaro Obregón,CDMX,0.08135593396,2446910.4,199070.68090843718
2010-06-30,Álvaro Obregón,CDMX,0.08135593396,2287425.1,186095.6053740464
2010-09-30,Álvaro Obregón,CDMX,0.08135593396,2445278.9,198937.94870218143
2010-12-31,Álvaro Obregón,CDMX,0.08135593396,2425671.8,197342.79476943432
2011-03-31,Álvaro Obregón,CDMX,0.08135593396,2533806.9,206140.22682379233
2011-06-30,Álvaro Obregón,CDMX,0.08135593396,2332450.0,189758.648165002
2011-09-30,Álvaro Obregón,CDMX,0.08135593396,2569761.4,209065.33875135714
2011-12-31,Álvaro Obregón,CDMX,0.08135593396,2515338.0,204637.6722150785
2012-03-31,Álvaro Obregón,CDMX,0.08135593396,2633934.6,214286.20937255904
2012-06-30,Álvaro Obregón,CDMX,0.08135593396,2438708.1,198403.3751313171
2012-09-30,Álvaro Obregón,CDMX,0.08135593396,2592835.4,210942.54557155017
2012-12-31,Álvaro Obregón,CDMX,0.08135593396,2598596.7,211411.26151387396
2013-03-31,Álvaro Obregón,CDMX,0.08135593396,2673066.3,217469.80537350153
2013-06-30,Álvaro Obregón,CDMX,0.08135593396,2479978.8,201760.99147500005
2013-09-30,Álvaro Obregón,CDMX,0.08135593396,2668439.8,217093.4121450356
2013-12-31,Álvaro Obregón,CDMX,0.08135593396,2626906.9,213714.46427546832
2014-03-31,Álvaro Obregón,CDMX,0.08135593396,2748552.0,223611.01499762593
2014-06-30,Álvaro Obregón,CDMX,0.08135593396,2503000.3,203633.92710866017
2014-09-30,Álvaro Obregón,CDMX,0.08135593396,2686402.8,218554.80878675907
2014-12-31,Álvaro Obregón,CDMX,0.08135593396,2666305.5,216919.77417518478
2015-03-31,Álvaro Obregón,CDMX,0.08135593396,2869792.9,233474.6816512769
2015-06-30,Álvaro Obregón,CDMX,0.08135593396,2587230.0,210486.5130193308
2015-09-30,Álvaro Obregón,CDMX,0.08135593396,2751624.2,223860.95669793786
2015-12-31,Álvaro Obregón,CDMX,0.08135593396,2705692.6,220124.1484816607
2016-03-31,Álvaro Obregón,CDMX,0.08135593396,2957233.6,240588.50146589306
2016-06-30,Álvaro Obregón,CDMX,0.08135593396,2632606.6,214178.16869226014
2016-09-30,Álvaro Obregón,CDMX,0.08135593396,2777401.3,225958.07674321815
2016-12-31,Álvaro Obregón,CDMX,0.08135593396,2827543.6,230037.45039062068
2017-03-31,Álvaro Obregón,CDMX,0.08135593396,3045539.9,247772.742976945
2017-06-30,Álvaro Obregón,CDMX,0.08135593396,2684909.3,218433.30369938983
2017-09-30,Álvaro Obregón,CDMX,0.08135593396,2789710.7,226959.5194767054
2017-12-31,Álvaro Obregón,CDMX,0.08135593396,2824719.7,229807.70936871102
2018-03-31,Álvaro Obregón,CDMX,0.08135593396,3126459.6,254356.04074620802
2018-06-30,Álvaro Obregón,CDMX,0.08135593396,2706598.0,220197.80814426809
2018-09-30,Álvaro Obregón,CDMX,0.08135593396,2895109.0,235534.29661100166
2018-12-31,Álvaro Obregón,CDMX,0.08135593396,2898492.7,235809.5806847421
2019-03-31,Álvaro Obregón,CDMX,0.08135593396,3132839.1,254875.05092690585
2019-06-30,Álvaro Obregón,CDMX,0.08135593396,2679500.0,217993.22504582
2019-09-30,Álvaro Obregón,CDMX,0.08135593396,2895581.9,235572.76983217133
2019-12-31,Álvaro Obregón,CDMX,0.08135593396,2804127.1,228132.37916304634
2020-03-31,Álvaro Obregón,CDMX,0.08135593396,2856971.8,232431.60908638232
2020-06-30,Álvaro Obregón,CDMX,0.08135593396,2151114.3,175005.9129312116
2020-09-30,Álvaro Obregón,CDMX,0.08135593396,2577710.4,209712.03707040517
2020-12-31,Álvaro Obregón,CDMX,0.08135593396,2650584.1,215640.74499502603
2021-03-31,Álvaro Obregón,CDMX,0.08135593396,2944607.2,239561.26890134052
2021-06-30,Álvaro Obregón,CDMX,0.08135593396,2659692.8,216381.79179068748
2021-09-30,Álvaro Obregón,CDMX,0.08135593396,2669881.7,217210.71926621255
2021-12-31,Álvaro Obregón,CDMX,0.08135593396,2594129.6,211047.83642128122
2022-03-31,Álvaro Obregón,CDMX,0.08135593396,2966769.4,241364.2953809488
2022-06-30,Álvaro Obregón,CDMX,0.08135593396,2706016.8,220150.52407545052
2022-09-30,Álvaro Obregón,CDMX,0.08135593396,2840890.3,231123.28363440456
2022-12-31,Álvaro Obregón,CDMX,0.08135593396,2795685.9,227445.63745330315
2023-03-31,Álvaro Obregón,CDMX,0.08135593396,3108307.2,252879.23529059254
2023-06-30,Álvaro Obregón,CDMX,0.08135593396,2859903.6,232670.12841356627
2023-09-30,Álvaro Obregón,CDMX,0.08135593396,2999960.2,244064.5639138284
2023-12-31,Álvaro Obregón,CDMX,0.08135593396,2829452.9,230192.78327533047
2004-03-31,Tláhuac,CDMX,0.03948596877,2226949.7,87933.26630656086
2004-06-30,Tláhuac,CDMX,0.03948596877,2234735.2,88240.6843164197
2004-09-30,Tláhuac,CDMX,0.03948596877,2244809.2,88638.46596580869
2004-12-31,Tláhuac,CDMX,0.03948596877,2260342.1,89251.79757011622
2005-03-31,Tláhuac,CDMX,0.03948596877,2258091.6,89162.93439739932
2005-06-30,Tláhuac,CDMX,0.03948596877,2275031.1,89831.80696537874
2005-09-30,Tláhuac,CDMX,0.03948596877,2306940.8,91091.7923830388
2005-12-31,Tláhuac,CDMX,0.03948596877,2264522.1,89416.84891957481
2006-03-31,Tláhuac,CDMX,0.03948596877,2374722.9,93768.23426680382
2006-06-30,Tláhuac,CDMX,0.03948596877,2375920.8,93815.5345087934
2006-09-30,Tláhuac,CDMX,0.03948596877,2418787.1,95508.15189187886
2006-12-31,Tláhuac,CDMX,0.03948596877,2328557.9,91945.36451853678
2007-03-31,Tláhuac,CDMX,0.03948596877,2408565.9,95104.55790788693
2007-06-30,Tláhuac,CDMX,0.03948596877,2384221.0,94143.27594677816
2007-09-30,Tláhuac,CDMX,0.03948596877,2445567.4,96565.5979813301
2007-12-31,Tláhuac,CDMX,0.03948596877,2367585.4,93486.40316470795
2008-03-31,Tláhuac,CDMX,0.03948596877,2450391.2,96756.07039748282
2008-06-30,Tláhuac,CDMX,0.03948596877,2395356.9,94582.987746404
2008-09-30,Tláhuac,CDMX,0.03948596877,2531001.6,99939.05013442003
2008-12-31,Tláhuac,CDMX,0.03948596877,2452219.9,96828.27838857251
2009-03-31,Tláhuac,CDMX,0.03948596877,2362516.4,93286.24878901283
2009-06-30,Tláhuac,CDMX,0.03948596877,2166510.9,85546.78173726458
2009-09-30,Tláhuac,CDMX,0.03948596877,2389483.6,94351.07480602717
2009-12-31,Tláhuac,CDMX,0.03948596877,2367831.3,93496.11276442849
2010-03-31,Tláhuac,CDMX,0.03948596877,2446910.4,96618.6276373882
2010-06-30,Tláhuac,CDMX,0.03948596877,2287425.1,90321.19606231412
2010-09-30,Tláhuac,CDMX,0.03948596877,2445278.9,96554.20627933994
2010-12-31,Tláhuac,CDMX,0.03948596877,2425671.8,95780.00094106967
2011-03-31,Tláhuac,CDMX,0.03948596877,2533806.9,100049.8201226105
2011-06-30,Tláhuac,CDMX,0.03948596877,2332450.0,92099.0478575865
2011-09-30,Tláhuac,CDMX,0.03948596877,2569761.4,101469.51838675147
2011-12-31,Tláhuac,CDMX,0.03948596877,2515338.0,99320.55771399425
2012-03-31,Tláhuac,CDMX,0.03948596877,2633934.6,104003.45935782244
2012-06-30,Tláhuac,CDMX,0.03948596877,2438708.1,96294.75187574603
2012-09-30,Tláhuac,CDMX,0.03948596877,2592835.4,102380.61763015045
2012-12-31,Tláhuac,CDMX,0.03948596877,2598596.7,102608.10814202506
2013-03-31,Tláhuac,CDMX,0.03948596877,2673066.3,105548.61244193943
2013-06-30,Tláhuac,CDMX,0.03948596877,2479978.8,97924.36544706207
2013-09-30,Tláhuac,CDMX,0.03948596877,2668439.8,105365.93060742503
2013-12-31,Tláhuac,CDMX,0.03948596877,2626906.9,103725.96381509751
2014-03-31,Tláhuac,CDMX,0.03948596877,2748552.0,108529.23843472103
2014-06-30,Tláhuac,CDMX,0.03948596877,2503000.3,98833.39167710062
2014-09-30,Tláhuac,CDMX,0.03948596877,2686402.8,106075.21706444054
2014-12-31,Tláhuac,CDMX,0.03948596877,2666305.5,105281.65570427923
2015-03-31,Tláhuac,CDMX,0.03948596877,2869792.9,113316.55282576772
2015-06-30,Tláhuac,CDMX,0.03948596877,2587230.0,102159.2829808071
2015-09-30,Tláhuac,CDMX,0.03948596877,2751624.2,108650.54722797623
2015-12-31,Tláhuac,CDMX,0.03948596877,2705692.6,106836.8935048201
2016-03-31,Tláhuac,CDMX,0.03948596877,2957233.6,116769.23357519467
2016-06-30,Tláhuac,CDMX,0.03948596877,2632606.6,103951.02199129589
2016-09-30,Tláhuac,CDMX,0.03948596877,2777401.3,109668.38099355738
2016-12-31,Tláhuac,CDMX,0.03948596877,2827543.6,111648.29828541337
2017-03-31,Tláhuac,CDMX,0.03948596877,3045539.9,120256.09337918891
2017-06-30,Tláhuac,CDMX,0.03948596877,2684909.3,106016.24477008254
2017-09-30,Tláhuac,CDMX,0.03948596877,2789710.7,110154.42957753484
2017-12-31,Tláhuac,CDMX,0.03948596877,2824719.7,111536.79385820378
2018-03-31,Tláhuac,CDMX,0.03948596877,3126459.6,123451.28612626668
2018-06-30,Tláhuac,CDMX,0.03948596877,2706598.0,106872.64410094445
2018-09-30,Tláhuac,CDMX,0.03948596877,2895109.0,114316.18355974593
2018-12-31,Tláhuac,CDMX,0.03948596877,2898492.7,114449.79223227299
2019-03-31,Tláhuac,CDMX,0.03948596877,3132839.1,123703.1868640349
2019-06-30,Tláhuac,CDMX,0.03948596877,2679500.0,105802.653319215
2019-09-30,Tláhuac,CDMX,0.03948596877,2895581.9,114334.85647437726
2019-12-31,Tláhuac,CDMX,0.03948596877,2804127.1,110723.67509771066
2020-03-31,Tláhuac,CDMX,0.03948596877,2856971.8,112810.29927157068
2020-06-30,Tláhuac,CDMX,0.03948596877,2151114.3,84938.8320705004
2020-09-30,Tláhuac,CDMX,0.03948596877,2577710.4,101783.3923525042
2020-12-31,Tláhuac,CDMX,0.03948596877,2650584.1,104660.88099485855
2021-03-31,Tláhuac,CDMX,0.03948596877,2944607.2,116270.66793911715
2021-06-30,Tláhuac,CDMX,0.03948596877,2659692.8,105020.54683859384
2021-09-30,Tláhuac,CDMX,0.03948596877,2669881.7,105422.86542579452
2021-12-31,Tláhuac,CDMX,0.03948596877,2594129.6,102431.72037093258
2022-03-31,Tláhuac,CDMX,0.03948596877,2966769.4,117145.76387619163
2022-06-30,Tláhuac,CDMX,0.03948596877,2706016.8,106849.69485589532
2022-09-30,Tláhuac,CDMX,0.03948596877,2840890.3,112175.30566479592
2022-12-31,Tláhuac,CDMX,0.03948596877,2795685.9,110390.36613812934
2023-03-31,Tláhuac,CDMX,0.03948596877,3108307.2,122734.52102676615
2023-06-30,Tláhuac,CDMX,0.03948596877,2859903.6,112926.06423481058
2023-09-30,Tláhuac,CDMX,0.03948596877,2999960.2,118456.33476844296
2023-12-31,Tláhuac,CDMX,0.03948596877,2829452.9,111723.68884558592
2004-03-31,Tlalpan,CDMX,0.07169286372,2226949.7,159656.4013533949
2004-06-30,Tlalpan,CDMX,0.07169286372,2234735.2,160214.56614388694
2004-09-30,Tlalpan,CDMX,0.07169286372,2244809.2,160936.80005300223
2004-12-31,Tlalpan,CDMX,0.07169286372,2260342.1,162050.3981358786
2005-03-31,Tlalpan,CDMX,0.07169286372,2258091.6,161889.05334607675
2005-06-30,Tlalpan,CDMX,0.07169286372,2275031.1,163103.4946110617
2005-09-30,Tlalpan,CDMX,0.07169286372,2306940.8,165391.19238450777
2005-12-31,Tlalpan,CDMX,0.07169286372,2264522.1,162350.07430622823
2006-03-31,Tlalpan,CDMX,0.07169286372,2374722.9,170250.6852424632
2006-06-30,Tlalpan,CDMX,0.07169286372,2375920.8,170336.56612391336
2006-09-30,Tlalpan,CDMX,0.07169286372,2418787.1,173409.773927994
2006-12-31,Tlalpan,CDMX,0.07169286372,2328557.9,166940.98418882937
2007-03-31,Tlalpan,CDMX,0.07169286372,2408565.9,172676.98682933915
2007-06-30,Tlalpan,CDMX,0.07169286372,2384221.0,170931.63123136212
2007-09-30,Tlalpan,CDMX,0.07169286372,2445567.4,175329.73032627473
2007-12-31,Tlalpan,CDMX,0.07169286372,2367585.4,169738.97742766168
2008-03-31,Tlalpan,CDMX,0.07169286372,2450391.2,175675.56236228728
2008-06-30,Tlalpan,CDMX,0.07169286372,2395356.9,171729.99579246165
2008-09-30,Tlalpan,CDMX,0.07169286372,2531001.6,181454.75278390196
2008-12-31,Tlalpan,CDMX,0.07169286372,2452219.9,175806.667102172
2009-03-31,Tlalpan,CDMX,0.07169286372,2362516.4,169375.566301465
2009-06-30,Tlalpan,CDMX,0.07169286372,2166510.9,155323.37070159454
2009-09-30,Tlalpan,CDMX,0.07169286372,2389483.6,171308.922095975
2009-12-31,Tlalpan,CDMX,0.07169286372,2367831.3,169756.60670285043
2010-03-31,Tlalpan,CDMX,0.07169286372,2446910.4,175426.0138422507
2010-06-30,Tlalpan,CDMX,0.07169286372,2287425.1,163992.0559640074
2010-09-30,Tlalpan,CDMX,0.07169286372,2445278.9,175309.0469350915
2010-12-31,Tlalpan,CDMX,0.07169286372,2425671.8,173903.35778684707
2011-03-31,Tlalpan,CDMX,0.07169286372,2533806.9,181655.87277449566
2011-06-30,Tlalpan,CDMX,0.07169286372,2332450.0,167220.019983714
2011-09-30,Tlalpan,CDMX,0.07169286372,2569761.4,184233.5538431164
2011-12-31,Tlalpan,CDMX,0.07169286372,2515338.0,180331.78444373736
2012-03-31,Tlalpan,CDMX,0.07169286372,2633934.6,188834.3143251927
2012-06-30,Tlalpan,CDMX,0.07169286372,2438708.1,174837.96746616013
2012-09-30,Tlalpan,CDMX,0.07169286372,2592835.4,185887.7949805917
2012-12-31,Tlalpan,CDMX,0.07169286372,2598596.7,186300.83907634174
2013-03-31,Tlalpan,CDMX,0.07169286372,2673066.3,191639.77796042463
2013-06-30,Tlalpan,CDMX,0.07169286372,2479978.8,177796.78213688912
2013-09-30,Tlalpan,CDMX,0.07169286372,2668439.8,191308.09092642405
2013-12-31,Tlalpan,CDMX,0.07169286372,2626906.9,188330.47838682766
2014-03-31,Tlalpan,CDMX,0.07169286372,2748552.0,197051.56396333344
2014-06-30,Tlalpan,CDMX,0.07169286372,2503000.3,179447.2593990191
2014-09-30,Tlalpan,CDMX,0.07169286372,2686402.8,192595.9098374264
2014-12-31,Tlalpan,CDMX,0.07169286372,2666305.5,191155.07684738646
2015-03-31,Tlalpan,CDMX,0.07169286372,2869792.9,205743.6712843236
2015-06-30,Tlalpan,CDMX,0.07169286372,2587230.0,185485.9278022956
2015-09-30,Tlalpan,CDMX,0.07169286372,2751624.2,197271.81877925404
2015-12-31,Tlalpan,CDMX,0.07169286372,2705692.6,193978.85084001248
2016-03-31,Tlalpan,CDMX,0.07169286372,2957233.6,212012.545473005
2016-06-30,Tlalpan,CDMX,0.07169286372,2632606.6,188739.10620217255
2016-09-30,Tlalpan,CDMX,0.07169286372,2777401.3,199119.85289665082
2016-12-31,Tlalpan,CDMX,0.07169286372,2827543.6,202714.6979771582
2017-03-31,Tlalpan,CDMX,0.07169286372,3045539.9,218343.47700452243
2017-06-30,Tlalpan,CDMX,0.07169286372,2684909.3,192488.8365454606
2017-09-30,Tlalpan,CDMX,0.07169286372,2789710.7,200002.34903332582
2017-12-31,Tlalpan,CDMX,0.07169286372,2824719.7,202512.2444992993
2018-03-31,Tlalpan,CDMX,0.07169286372,3126459.6,224144.84202888573
2018-06-30,Tlalpan,CDMX,0.07169286372,2706598.0,194043.76155882457
2018-09-30,Tlalpan,CDMX,0.07169286372,2895109.0,207558.65499154548
2018-12-31,Tlalpan,CDMX,0.07169286372,2898492.7,207801.24213451485
2019-03-31,Tlalpan,CDMX,0.07169286372,3132839.1,224602.20665298746
2019-06-30,Tlalpan,CDMX,0.07169286372,2679500.0,192101.02833774
2019-09-30,Tlalpan,CDMX,0.07169286372,2895581.9,207592.55854679865
2019-12-31,Tlalpan,CDMX,0.07169286372,2804127.1,201035.90203385882
2020-03-31,Tlalpan,CDMX,0.07169286372,2856971.8,204824.4899092831
2020-06-30,Tlalpan,CDMX,0.07169286372,2151114.3,154219.5443560432
2020-09-30,Tlalpan,CDMX,0.07169286372,2577710.4,184803.4404168267
2020-12-31,Tlalpan,CDMX,0.07169286372,2650584.1,190027.96465969886
2021-03-31,Tlalpan,CDMX,0.07169286372,2944607.2,211107.3226985308
2021-06-30,Tlalpan,CDMX,0.07169286372,2659692.8,190680.9934474652
2021-09-30,Tlalpan,CDMX,0.07169286372,2669881.7,191411.46486662194
2021-12-31,Tlalpan,CDMX,0.07169286372,2594129.6,185980.57988481811
2022-03-31,Tlalpan,CDMX,0.07169286372,2966769.4,212696.19428286617
2022-06-30,Tlalpan,CDMX,0.07169286372,2706016.8,194002.09366643048
2022-09-30,Tlalpan,CDMX,0.07169286372,2840890.3,203671.56112136992
2022-12-31,Tlalpan,CDMX,0.07169286372,2795685.9,200430.72823262555
2023-03-31,Tlalpan,CDMX,0.07169286372,3108307.2,222843.4444894948
2023-06-30,Tlalpan,CDMX,0.07169286372,2859903.6,205034.6790471374
2023-09-30,Tlalpan,CDMX,0.07169286372,2999960.2,215075.73778402395
2023-12-31,Tlalpan,CDMX,0.07169286372,2829452.9,202851.58116185878
2004-03-31,Xochimilco,CDMX,0.04606222339,2226949.7,102578.25455969348
2004-06-30,Xochimilco,CDMX,0.04606222339,2234735.2,102936.87199989634
2004-09-30,Xochimilco,CDMX,0.04606222339,2244809.2,103400.9028383272
2004-12-31,Xochimilco,CDMX,0.04606222339,2260342.1,104116.38274802172
2005-03-31,Xochimilco,CDMX,0.04606222339,2258091.6,104012.71971428252
2005-06-30,Xochimilco,CDMX,0.04606222339,2275031.1,104792.99074739743
2005-09-30,Xochimilco,CDMX,0.04606222339,2306940.8,106262.82247710529
2005-12-31,Xochimilco,CDMX,0.04606222339,2264522.1,104308.92284179192
2006-03-31,Xochimilco,CDMX,0.04606222339,2374722.9,109385.01670914862
2006-06-30,Xochimilco,CDMX,0.04606222339,2375920.8,109440.19464654749
2006-09-30,Xochimilco,CDMX,0.04606222339,2418787.1,111414.71173305027
2006-12-31,Xochimilco,CDMX,0.04606222339,2328557.9,107258.55416634928
2007-03-31,Xochimilco,CDMX,0.04606222339,2408565.9,110943.90053533639
2007-06-30,Xochimilco,CDMX,0.04606222339,2384221.0,109822.52031312918
2007-09-30,Xochimilco,CDMX,0.04606222339,2445567.4,112648.27189410148
2007-12-31,Xochimilco,CDMX,0.04606222339,2367585.4,109056.2475897025
2008-03-31,Xochimilco,CDMX,0.04606222339,2450391.2,112870.46684729017
2008-06-30,Xochimilco,CDMX,0.04606222339,2395356.9,110335.46462657789
2008-09-30,Xochimilco,CDMX,0.04606222339,2531001.6,116583.56109964741
2008-12-31,Xochimilco,CDMX,0.04606222339,2452219.9,112954.70083520345
2009-03-31,Xochimilco,CDMX,0.04606222339,2362516.4,108822.75817933859
2009-06-30,Xochimilco,CDMX,0.04606222339,2166510.9,99794.30905266994
2009-09-30,Xochimilco,CDMX,0.04606222339,2389483.6,110064.9273699414
2009-12-31,Xochimilco,CDMX,0.04606222339,2367831.3,109067.57429043409
2010-03-31,Xochimilco,CDMX,0.04606222339,2446910.4,112710.13346011424
2010-06-30,Xochimilco,CDMX,0.04606222339,2287425.1,105363.88594409308
2010-09-30,Xochimilco,CDMX,0.04606222339,2445278.9,112634.98294265346
2010-12-31,Xochimilco,CDMX,0.04606222339,2425671.8,111731.83632242339
2011-03-31,Xochimilco,CDMX,0.04606222339,2533806.9,116712.77945492338
2011-06-30,Xochimilco,CDMX,0.04606222339,2332450.0,107437.8329460055
2011-09-30,Xochimilco,CDMX,0.04606222339,2569761.4,118368.92366579913
2011-12-31,Xochimilco,CDMX,0.04606222339,2515338.0,115862.06085735581
2012-03-31,Xochimilco,CDMX,0.04606222339,2633934.6,121324.88393985029
2012-06-30,Xochimilco,CDMX,0.04606222339,2438708.1,112332.31728520246
2012-09-30,Xochimilco,CDMX,0.04606222339,2592835.4,119431.76340829999
2012-12-31,Xochimilco,CDMX,0.04606222339,2598596.7,119697.14169591681
2013-03-31,Xochimilco,CDMX,0.04606222339,2673066.3,123127.37704688073
2013-06-30,Xochimilco,CDMX,0.04606222339,2479978.8,114233.33748806412
2013-09-30,Xochimilco,CDMX,0.04606222339,2668439.8,122914.2701703669
2013-12-31,Xochimilco,CDMX,0.04606222339,2626906.9,121001.17245253238
2014-03-31,Xochimilco,CDMX,0.04606222339,2748552.0,126604.41622303126
2014-06-30,Xochimilco,CDMX,0.04606222339,2503000.3,115293.758963837
2014-09-30,Xochimilco,CDMX,0.04606222339,2686402.8,123741.68588912148
2014-12-31,Xochimilco,CDMX,0.04606222339,2666305.5,122815.95956698564
2015-03-31,Xochimilco,CDMX,0.04606222339,2869792.9,132189.04164283592
2015-06-30,Xochimilco,CDMX,0.04606222339,2587230.0,119173.5662213097
2015-09-30,Xochimilco,CDMX,0.04606222339,2751624.2,126745.92858573004
2015-12-31,Xochimilco,CDMX,0.04606222339,2705692.6,124630.21696586991
2016-03-31,Xochimilco,CDMX,0.04606222339,2957233.6,136216.7546996139
2016-06-30,Xochimilco,CDMX,0.04606222339,2632606.6,121263.71330718837
2016-09-30,Xochimilco,CDMX,0.04606222339,2777401.3,127933.27912427639
2016-12-31,Xochimilco,CDMX,0.04606222339,2827543.6,130242.9449481648
2017-03-31,Xochimilco,CDMX,0.04606222339,3045539.9,140284.33921695824
2017-06-30,Xochimilco,CDMX,0.04606222339,2684909.3,123672.89195848852
2017-09-30,Xochimilco,CDMX,0.04606222339,2789710.7,128500.27745687327
2017-12-31,Xochimilco,CDMX,0.04606222339,2824719.7,130112.86983553378
2018-03-31,Xochimilco,CDMX,0.04606222339,3126459.6,144011.68051501003
2018-06-30,Xochimilco,CDMX,0.04606222339,2706598.0,124671.92170292721
2018-09-30,Xochimilco,CDMX,0.04606222339,2895109.0,133355.1574963995
2018-12-31,Xochimilco,CDMX,0.04606222339,2898492.7,133511.01824168424
2019-03-31,Xochimilco,CDMX,0.04606222339,3132839.1,144305.53446912655
2019-06-30,Xochimilco,CDMX,0.04606222339,2679500.0,123423.72757350499
2019-09-30,Xochimilco,CDMX,0.04606222339,2895581.9,133376.94032184064
2019-12-31,Xochimilco,CDMX,0.04606222339,2804127.1,129164.32889415286
2020-03-31,Xochimilco,CDMX,0.04606222339,2856971.8,131598.47327053038
2020-06-30,Xochimilco,CDMX,0.04606222339,2151114.3,99085.10742402346
2020-09-30,Xochimilco,CDMX,0.04606222339,2577710.4,118735.07227952624
2020-12-31,Xochimilco,CDMX,0.04606222339,2650584.1,122091.7969281821
2021-03-31,Xochimilco,CDMX,0.04606222339,2944607.2,135635.1546422024
2021-06-30,Xochimilco,CDMX,0.04606222339,2659692.8,122511.36390237458
2021-09-30,Xochimilco,CDMX,0.04606222339,2669881.7,122980.68729027297
2021-12-31,Xochimilco,CDMX,0.04606222339,2594129.6,119491.37713781135
2022-03-31,Xochimilco,CDMX,0.04606222339,2966769.4,136655.99484941625
2022-06-30,Xochimilco,CDMX,0.04606222339,2706016.8,124645.15033869294
2022-09-30,Xochimilco,CDMX,0.04606222339,2840890.3,130857.7236250841
2022-12-31,Xochimilco,CDMX,0.04606222339,2795685.9,128775.50845407319
2023-03-31,Xochimilco,CDMX,0.04606222339,3108307.2,143175.5406111454
2023-06-30,Xochimilco,CDMX,0.04606222339,2859903.6,131733.5184970652
2023-09-30,Xochimilco,CDMX,0.04606222339,2999960.2,138184.83689350908
2023-12-31,Xochimilco,CDMX,0.04606222339,2829452.9,130330.89155128332
2004-03-31,Benito Juárez,CDMX,0.04332147918,2226949.7,96474.75506345725
2004-06-30,Benito Juárez,CDMX,0.04332147918,2234735.2,96812.03443961314
2004-09-30,Benito Juárez,CDMX,0.04332147918,2244809.2,97248.45502087245
2004-12-31,Benito Juárez,CDMX,0.04332147918,2260342.1,97921.36322482748
2005-03-31,Benito Juárez,CDMX,0.04332147918,2258091.6,97823.86823593288
2005-06-30,Benito Juárez,CDMX,0.04332147918,2275031.1,98557.71243250249
2005-09-30,Benito Juárez,CDMX,0.04332147918,2306940.8,99940.08783669253
2005-12-31,Benito Juárez,CDMX,0.04332147918,2264522.1,98102.44700779987
2006-03-31,Benito Juárez,CDMX,0.04332147918,2374722.9,102876.50867061921
2006-06-30,Benito Juárez,CDMX,0.04332147918,2375920.8,102928.40347052892
2006-09-30,Benito Juárez,CDMX,0.04332147918,2418787.1,104785.43499350258
2006-12-31,Benito Juárez,CDMX,0.04332147918,2328557.9,100876.57258427452
2007-03-31,Benito Juárez,CDMX,0.04332147918,2408565.9,104342.63749050796
2007-06-30,Benito Juárez,CDMX,0.04332147918,2384221.0,103287.98041201878
2007-09-30,Benito Juárez,CDMX,0.04332147918,2445567.4,105945.59720238672
2007-12-31,Benito Juárez,CDMX,0.04332147918,2367585.4,102567.30161297196
2008-03-31,Benito Juárez,CDMX,0.04332147918,2450391.2,106154.57135365522
2008-06-30,Benito Juárez,CDMX,0.04332147918,2395356.9,103770.40407201933
2008-09-30,Benito Juárez,CDMX,0.04332147918,2531001.6,109646.73311894668
2008-12-31,Benito Juárez,CDMX,0.04332147918,2452219.9,106233.79334263167
2009-03-31,Benito Juárez,CDMX,0.04332147918,2362516.4,102347.70503500855
2009-06-30,Benito Juárez,CDMX,0.04332147918,2166510.9,93856.45684759306
2009-09-30,Benito Juárez,CDMX,0.04332147918,2389483.6,103515.96402835145
2009-12-31,Benito Juárez,CDMX,0.04332147918,2367831.3,102577.95436470232
2010-03-31,Benito Juárez,CDMX,0.04332147918,2446910.4,106003.77794892546
2010-06-30,Benito Juárez,CDMX,0.04332147918,2287425.1,99094.63884545941
2010-09-30,Benito Juárez,CDMX,0.04332147918,2445278.9,105933.09895564329
2010-12-31,Benito Juárez,CDMX,0.04332147918,2425671.8,105083.6903812131
2011-03-31,Benito Juárez,CDMX,0.04332147918,2533806.9,109768.26286449033
2011-06-30,Benito Juárez,CDMX,0.04332147918,2332450.0,101045.18411339099
2011-09-30,Benito Juárez,CDMX,0.04332147918,2569761.4,111325.86498766764
2011-12-31,Benito Juárez,CDMX,0.04332147918,2515338.0,108968.16279766284
2012-03-31,Benito Juárez,CDMX,0.04332147918,2633934.6,114105.94293538162
2012-06-30,Benito Juárez,CDMX,0.04332147918,2438708.1,105648.44218024735
2012-09-30,Benito Juárez,CDMX,0.04332147918,2592835.4,112325.46479826696
2012-12-31,Benito Juárez,CDMX,0.04332147918,2598596.7,112575.05283626671
2013-03-31,Benito Juárez,CDMX,0.04332147918,2673066.3,115801.18606220961
2013-06-30,Benito Juárez,CDMX,0.04332147918,2479978.8,107436.34995104137
2013-09-30,Benito Juárez,CDMX,0.04332147918,2668439.8,115600.75923878334
2013-12-31,Benito Juárez,CDMX,0.04332147918,2626906.9,113801.49257614833
2014-03-31,Benito Juárez,CDMX,0.04332147918,2748552.0,119071.33824314736
2014-06-30,Benito Juárez,CDMX,0.04332147918,2503000.3,108433.67538398373
2014-09-30,Benito Juárez,CDMX,0.04332147918,2686402.8,116378.94296929368
2014-12-31,Benito Juárez,CDMX,0.04332147918,2666305.5,115508.29820576948
2015-03-31,Benito Juárez,CDMX,0.04332147918,2869792.9,124323.6733682618
2015-06-30,Benito Juárez,CDMX,0.04332147918,2587230.0,112082.6305788714
2015-09-30,Benito Juárez,CDMX,0.04332147918,2751624.2,119204.43049148416
2015-12-31,Benito Juárez,CDMX,0.04332147918,2705692.6,117214.60563838006
2016-03-31,Benito Juárez,CDMX,0.04332147918,2957233.6,128111.73383279644
2016-06-30,Benito Juárez,CDMX,0.04332147918,2632606.6,114048.41201103058
2016-09-30,Benito Juárez,CDMX,0.04332147918,2777401.3,120321.13259245492
2016-12-31,Benito Juárez,CDMX,0.04332147918,2827543.6,122493.37119794224
2017-03-31,Benito Juárez,CDMX,0.04332147918,3045539.9,131937.29336970928
2017-06-30,Benito Juárez,CDMX,0.04332147918,2684909.3,116314.24234013836
2017-09-30,Benito Juárez,CDMX,0.04332147918,2789710.7,120854.39400827323
2017-12-31,Benito Juárez,CDMX,0.04332147918,2824719.7,122371.03567288585
2018-03-31,Benito Juárez,CDMX,0.04332147918,3126459.6,135442.85446851113
2018-06-30,Benito Juárez,CDMX,0.04332147918,2706598.0,117253.82890562963
2018-09-30,Benito Juárez,CDMX,0.04332147918,2895109.0,125420.40426733061
2018-12-31,Benito Juárez,CDMX,0.04332147918,2898492.7,125566.99115643199
2019-03-31,Benito Juárez,CDMX,0.04332147918,3132839.1,135719.22384493993
2019-06-30,Benito Juárez,CDMX,0.04332147918,2679500.0,116079.90346280999
2019-09-30,Benito Juárez,CDMX,0.04332147918,2895581.9,125440.89099483483
2019-12-31,Benito Juárez,CDMX,0.04332147918,2804127.1,121478.93378072378
2020-03-31,Benito Juárez,CDMX,0.04332147918,2856971.8,123768.24435154711
2020-06-30,Benito Juárez,CDMX,0.04332147918,2151114.3,93189.45336125026
2020-09-30,Benito Juárez,CDMX,0.04332147918,2577710.4,111670.22742566947
2020-12-31,Benito Juárez,CDMX,0.04332147918,2650584.1,114827.22390298903
2021-03-31,Benito Juárez,CDMX,0.04332147918,2944607.2,127564.7395080781
2021-06-30,Benito Juárez,CDMX,0.04332147918,2659692.8,115221.82626039589
2021-09-30,Benito Juárez,CDMX,0.04332147918,2669881.7,115663.22447961301
2021-12-31,Benito Juárez,CDMX,0.04332147918,2594129.6,112381.53145662173
2022-03-31,Benito Juárez,CDMX,0.04332147918,2966769.4,128524.83879396108
2022-06-30,Benito Juárez,CDMX,0.04332147918,2706016.8,117228.65046193021
2022-09-30,Benito Juárez,CDMX,0.04332147918,2840890.3,123071.56998411394
2022-12-31,Benito Juárez,CDMX,0.04332147918,2795685.9,121113.24851066955
2023-03-31,Benito Juárez,CDMX,0.04332147918,3108307.2,134656.4656498441
2023-06-30,Benito Juárez,CDMX,0.04332147918,2859903.6,123895.25426420705
2023-09-30,Benito Juárez,CDMX,0.04332147918,2999960.2,129962.71334512864
2023-12-31,Benito Juárez,CDMX,0.04332147918,2829452.9,122576.08489814062
2004-03-31,Cuauhtémoc,CDMX,0.05978303945,2226949.7,133133.82176826568
2004-06-30,Cuauhtémoc,CDMX,0.05978303945,2234735.2,133599.26262190365
2004-09-30,Cuauhtémoc,CDMX,0.05978303945,2244809.2,134201.51696132295
2004-12-31,Cuauhtémoc,CDMX,0.05978303945,2260342.1,135130.12093479585
2005-03-31,Cuauhtémoc,CDMX,0.05978303945,2258091.6,134995.57920451363
2005-06-30,Cuauhtémoc,CDMX,0.05978303945,2275031.1,136008.2740012769
2005-09-30,Cuauhtémoc,CDMX,0.05978303945,2306940.8,137915.93285521455
2005-12-31,Cuauhtémoc,CDMX,0.05978303945,2264522.1,135380.01403969683
2006-03-31,Cuauhtémoc,CDMX,0.05978303945,2374722.9,141968.1528135184
2006-06-30,Cuauhtémoc,CDMX,0.05978303945,2375920.8,142039.76691647555
2006-09-30,Cuauhtémoc,CDMX,0.05978303945,2418787.1,144602.4446204511
2006-12-31,Cuauhtémoc,CDMX,0.05978303945,2328557.9,139208.26879730914
2007-03-31,Cuauhtémoc,CDMX,0.05978303945,2408565.9,143991.39021762475
2007-06-30,Cuauhtémoc,CDMX,0.05978303945,2384221.0,142535.97810051843
2007-09-30,Cuauhtémoc,CDMX,0.05978303945,2445567.4,146203.45235183393
2007-12-31,Cuauhtémoc,CDMX,0.05978303945,2367585.4,141541.45136944402
2008-03-31,Cuauhtémoc,CDMX,0.05978303945,2450391.2,146491.83377753285
2008-06-30,Cuauhtémoc,CDMX,0.05978303945,2395356.9,143201.7160495297
2008-09-30,Cuauhtémoc,CDMX,0.05978303945,2531001.6,151310.96850081312
2008-12-31,Cuauhtémoc,CDMX,0.05978303945,2452219.9,146601.15902177503
2009-03-31,Cuauhtémoc,CDMX,0.05978303945,2362516.4,141238.41114247197
2009-06-30,Cuauhtémoc,CDMX,0.05978303945,2166510.9,129520.606603555
2009-09-30,Cuauhtémoc,CDMX,0.05978303945,2389483.6,142850.59232392802
2009-12-31,Cuauhtémoc,CDMX,0.05978303945,2367831.3,141556.15201884476
2010-03-31,Cuauhtémoc,CDMX,0.05978303945,2446910.4,146283.74097381526
2010-06-30,Cuauhtémoc,CDMX,0.05978303945,2287425.1,136749.2249922202
2010-09-30,Cuauhtémoc,CDMX,0.05978303945,2445278.9,146186.2049449526
2010-12-31,Cuauhtémoc,CDMX,0.05978303945,2425671.8,145014.0329121525
2011-03-31,Cuauhtémoc,CDMX,0.05978303945,2533806.9,151478.6778613822
2011-06-30,Cuauhtémoc,CDMX,0.05978303945,2332450.0,139440.9503651525
2011-09-30,Cuauhtémoc,CDMX,0.05978303945,2569761.4,153628.14715328722
2011-12-31,Cuauhtémoc,CDMX,0.05978303945,2515338.0,150374.5508840841
2012-03-31,Cuauhtémoc,CDMX,0.05978303945,2633934.6,157464.61610051998
2012-06-30,Cuauhtémoc,CDMX,0.05978303945,2438708.1,145793.38254933455
2012-09-30,Cuauhtémoc,CDMX,0.05978303945,2592835.4,155007.5810055565
2012-12-31,Cuauhtémoc,CDMX,0.05978303945,2598596.7,155352.00903073983
2013-03-31,Cuauhtémoc,CDMX,0.05978303945,2673066.3,159804.0280653655
2013-06-30,Cuauhtémoc,CDMX,0.05978303945,2479978.8,148260.67043556363
2013-09-30,Cuauhtémoc,CDMX,0.05978303945,2668439.8,159527.4418333501
2013-12-31,Cuauhtémoc,CDMX,0.05978303945,2626906.9,157044.4788341772
2014-03-31,Cuauhtémoc,CDMX,0.05978303945,2748552.0,164316.7926463764
2014-06-30,Cuauhtémoc,CDMX,0.05978303945,2503000.3,149636.96567826183
2014-09-30,Cuauhtémoc,CDMX,0.05978303945,2686402.8,160601.32457099046
2014-12-31,Cuauhtémoc,CDMX,0.05978303945,2666305.5,159399.84689225198
2015-03-31,Cuauhtémoc,CDMX,0.05978303945,2869792.9,171564.9421540299
2015-06-30,Cuauhtémoc,CDMX,0.05978303945,2587230.0,154672.4731562235
2015-09-30,Cuauhtémoc,CDMX,0.05978303945,2751624.2,164500.4581001747
2015-12-31,Cuauhtémoc,CDMX,0.05978303945,2705692.6,161754.52744537307
2016-03-31,Cuauhtémoc,CDMX,0.05978303945,2957233.6,176792.41297166553
2016-06-30,Cuauhtémoc,CDMX,0.05978303945,2632606.6,157385.22422413036
2016-09-30,Cuauhtémoc,CDMX,0.05978303945,2777401.3,166041.49148638127
2016-12-31,Cuauhtémoc,CDMX,0.05978303945,2827543.6,169039.15058539502
2017-03-31,Cuauhtémoc,CDMX,0.05978303945,3045539.9,182071.63198824905
2017-06-30,Cuauhtémoc,CDMX,0.05978303945,2684909.3,160512.03860157187
2017-09-30,Cuauhtémoc,CDMX,0.05978303945,2789710.7,166777.38483218712
2017-12-31,Cuauhtémoc,CDMX,0.05978303945,2824719.7,168870.32926029217
2018-03-31,Cuauhtémoc,CDMX,0.05978303945,3126459.6,186909.25760563122
2018-06-30,Cuauhtémoc,CDMX,0.05978303945,2706598.0,161808.6550092911
2018-09-30,Cuauhtémoc,CDMX,0.05978303945,2895109.0,173078.41555905004
2018-12-31,Cuauhtémoc,CDMX,0.05978303945,2898492.7,173280.703429637
2019-03-31,Cuauhtémoc,CDMX,0.05978303945,3132839.1,187290.6435058025
2019-06-30,Cuauhtémoc,CDMX,0.05978303945,2679500.0,160188.654206275
2019-09-30,Cuauhtémoc,CDMX,0.05978303945,2895581.9,173106.68695840595
2019-12-31,Cuauhtémoc,CDMX,0.05978303945,2804127.1,167639.2410421141
2020-03-31,Cuauhtémoc,CDMX,0.05978303945,2856971.8,170798.4578269375
2020-06-30,Cuauhtémoc,CDMX,0.05978303945,2151114.3,128600.15105835912
2020-09-30,Cuauhtémoc,CDMX,0.05978303945,2577710.4,154103.36253387528
2020-12-31,Cuauhtémoc,CDMX,0.05978303945,2650584.1,158459.97381584274
2021-03-31,Cuauhtémoc,CDMX,0.05978303945,2944607.2,176037.56840235405
2021-06-30,Cuauhtémoc,CDMX,0.05978303945,2659692.8,159004.51958728096
2021-09-30,Cuauhtémoc,CDMX,0.05978303945,2669881.7,159613.6429979331
2021-12-31,Cuauhtémoc,CDMX,0.05978303945,2594129.6,155084.95221521272
2022-03-31,Cuauhtémoc,CDMX,0.05978303945,2966769.4,177362.4920792528
2022-06-30,Cuauhtémoc,CDMX,0.05978303945,2706016.8,161773.90910676276
2022-09-30,Cuauhtémoc,CDMX,0.05978303945,2840890.3,169837.05687802233
2022-12-31,Cuauhtémoc,CDMX,0.05978303945,2795685.9,167134.60044950875
2023-03-31,Cuauhtémoc,CDMX,0.05978303945,3108307.2,185824.05196031905
2023-06-30,Cuauhtémoc,CDMX,0.05978303945,2859903.6,170973.72974199703
2023-09-30,Cuauhtémoc,CDMX,0.05978303945,2999960.2,179346.7389850299
2023-12-31,Cuauhtémoc,CDMX,0.05978303945,2829452.9,169153.2943426169
2004-03-31,Miguel Hidalgo,CDMX,0.04216249317,2226949.7,93893.75151618356
2004-06-30,Miguel Hidalgo,CDMX,0.04216249317,2234735.2,94222.00760675859
2004-09-30,Miguel Hidalgo,CDMX,0.04216249317,2244809.2,94646.75256295317
2004-12-31,Miguel Hidalgo,CDMX,0.04216249317,2260342.1,95301.65835311347
2005-03-31,Miguel Hidalgo,CDMX,0.04216249317,2258091.6,95206.77166223439
2005-06-30,Miguel Hidalgo,CDMX,0.04216249317,2275031.1,95920.98321528759
2005-09-30,Miguel Hidalgo,CDMX,0.04216249317,2306940.8,97266.37572359433
2005-12-31,Miguel Hidalgo,CDMX,0.04216249317,2264522.1,95477.89757456406
2006-03-31,Miguel Hidalgo,CDMX,0.04216249317,2374722.9,100124.2380518926
2006-06-30,Miguel Hidalgo,CDMX,0.04216249317,2375920.8,100174.74450246093
2006-09-30,Miguel Hidalgo,CDMX,0.04216249317,2418787.1,101982.09458343411
2006-12-31,Miguel Hidalgo,CDMX,0.04216249317,2328557.9,98177.80655469955
2007-03-31,Miguel Hidalgo,CDMX,0.04216249317,2408565.9,101551.14330824491
2007-06-30,Miguel Hidalgo,CDMX,0.04216249317,2384221.0,100524.70162827057
2007-09-30,Miguel Hidalgo,CDMX,0.04216249317,2445567.4,103111.21879927466
2007-12-31,Miguel Hidalgo,CDMX,0.04216249317,2367585.4,99823.30325689173
2008-03-31,Miguel Hidalgo,CDMX,0.04216249317,2450391.2,103314.60223382812
2008-06-30,Miguel Hidalgo,CDMX,0.04216249317,2395356.9,100994.21893596237
2008-09-30,Miguel Hidalgo,CDMX,0.04216249317,2531001.6,106713.33767325908
2008-12-31,Miguel Hidalgo,CDMX,0.04216249317,2452219.9,103391.70478508809
2009-03-31,Miguel Hidalgo,CDMX,0.04216249317,2362516.4,99609.58157901299
2009-06-30,Miguel Hidalgo,CDMX,0.04216249317,2166510.9,91345.50102398056
2009-09-30,Miguel Hidalgo,CDMX,0.04216249317,2389483.6,100746.58596482703
2009-12-31,Miguel Hidalgo,CDMX,0.04216249317,2367831.3,99833.67101396222
2010-03-31,Miguel Hidalgo,CDMX,0.04216249317,2446910.4,103167.84302760196
2010-06-30,Miguel Hidalgo,CDMX,0.04216249317,2287425.1,96443.54515563657
2010-09-30,Miguel Hidalgo,CDMX,0.04216249317,2445278.9,103099.05491999512
2010-12-31,Miguel Hidalgo,CDMX,0.04216249317,2425671.8,102272.3707001616
2011-03-31,Miguel Hidalgo,CDMX,0.04216249317,2533806.9,106831.61611534888
2011-06-30,Miguel Hidalgo,CDMX,0.04216249317,2332450.0,98341.9071943665
2011-09-30,Miguel Hidalgo,CDMX,0.04216249317,2569761.4,108347.54747602963
2011-12-31,Miguel Hidalgo,CDMX,0.04216249317,2515338.0,106052.92124524146
2012-03-31,Miguel Hidalgo,CDMX,0.04216249317,2633934.6,111053.2495827267
2012-06-30,Miguel Hidalgo,CDMX,0.04216249317,2438708.1,102822.01360987368
2012-09-30,Miguel Hidalgo,CDMX,0.04216249317,2592835.4,109320.40484343423
2012-12-31,Miguel Hidalgo,CDMX,0.04216249317,2598596.7,109563.31561533455
2013-03-31,Miguel Hidalgo,CDMX,0.04216249317,2673066.3,112703.13961670717
2013-06-30,Miguel Hidalgo,CDMX,0.04216249317,2479978.8,104562.08921674479
2013-09-30,Miguel Hidalgo,CDMX,0.04216249317,2668439.8,112508.07484205616
2013-12-31,Miguel Hidalgo,CDMX,0.04216249317,2626906.9,110756.94422947588
2014-03-31,Miguel Hidalgo,CDMX,0.04216249317,2748552.0,115885.80492738985
2014-06-30,Miguel Hidalgo,CDMX,0.04216249317,2503000.3,105532.73305325795
2014-09-30,Miguel Hidalgo,CDMX,0.04216249317,2686402.8,113265.43970686887
2014-12-31,Miguel Hidalgo,CDMX,0.04216249317,2666305.5,112418.08743288345
2015-03-31,Miguel Hidalgo,CDMX,0.04216249317,2869792.9,120997.6235455645
2015-06-30,Miguel Hidalgo,CDMX,0.04216249317,2587230.0,109084.0672042191
2015-09-30,Miguel Hidalgo,CDMX,0.04216249317,2751624.2,116015.33653890673
2015-12-31,Miguel Hidalgo,CDMX,0.04216249317,2705692.6,114078.74576761955
2016-03-31,Miguel Hidalgo,CDMX,0.04216249317,2957233.6,124684.34146209453
2016-06-30,Miguel Hidalgo,CDMX,0.04216249317,2632606.6,110997.25779179693
2016-09-30,Miguel Hidalgo,CDMX,0.04216249317,2777401.3,117102.16334159912
2016-12-31,Miguel Hidalgo,CDMX,0.04216249317,2827543.6,119216.28772287723
2017-03-31,Miguel Hidalgo,CDMX,0.04216249317,3045539.9,128407.55523271249
2017-06-30,Miguel Hidalgo,CDMX,0.04216249317,2684909.3,113202.47002331947
2017-09-30,Miguel Hidalgo,CDMX,0.04216249317,2789710.7,117621.15833502593
2017-12-31,Miguel Hidalgo,CDMX,0.04216249317,2824719.7,119097.22505841446
2018-03-31,Miguel Hidalgo,CDMX,0.04216249317,3126459.6,131819.33153128094
2018-06-30,Miguel Hidalgo,CDMX,0.04216249317,2706598.0,114116.91968893567
2018-09-30,Miguel Hidalgo,CDMX,0.04216249317,2895109.0,122065.01343890553
2018-12-31,Miguel Hidalgo,CDMX,0.04216249317,2898492.7,122207.67866704488
2019-03-31,Miguel Hidalgo,CDMX,0.04216249317,3132839.1,132088.30715645896
2019-06-30,Miguel Hidalgo,CDMX,0.04216249317,2679500.0,112974.40044901501
2019-09-30,Miguel Hidalgo,CDMX,0.04216249317,2895581.9,122084.95208192563
2019-12-31,Miguel Hidalgo,CDMX,0.04216249317,2804127.1,118228.98970156192
2020-03-31,Miguel Hidalgo,CDMX,0.04216249317,2856971.8,120457.0540043826
2020-06-30,Miguel Hidalgo,CDMX,0.04216249317,2151114.3,90696.34198163933
2020-09-30,Miguel Hidalgo,CDMX,0.04216249317,2577710.4,108682.69713423797
2020-12-31,Miguel Hidalgo,CDMX,0.04216249317,2650584.1,111755.2340127606
2021-03-31,Miguel Hidalgo,CDMX,0.04216249317,2944607.2,124151.98095833285
2021-06-30,Miguel Hidalgo,CDMX,0.04216249317,2659692.8,112139.27951429818
2021-09-30,Miguel Hidalgo,CDMX,0.04216249317,2669881.7,112568.868940958
2021-12-31,Miguel Hidalgo,CDMX,0.04216249317,2594129.6,109374.97154209485
2022-03-31,Miguel Hidalgo,CDMX,0.04216249317,2966769.4,125086.39456446501
2022-06-30,Miguel Hidalgo,CDMX,0.04216249317,2706016.8,114092.41484790525
2022-09-30,Miguel Hidalgo,CDMX,0.04216249317,2840890.3,119779.01787046925
2022-12-31,Miguel Hidalgo,CDMX,0.04216249317,2795685.9,117873.0876642153
2023-03-31,Miguel Hidalgo,CDMX,0.04216249317,3108307.2,131053.98109026183
2023-06-30,Miguel Hidalgo,CDMX,0.04216249317,2859903.6,120580.66600185842
2023-09-30,Miguel Hidalgo,CDMX,0.04216249317,2999960.2,126485.80144277184
2023-12-31,Miguel Hidalgo,CDMX,0.04216249317,2829452.9,119296.7885710867
2004-03-31,Venustiano Carranza,CDMX,0.05048984093,2226949.7,112438.33611211124
2004-06-30,Venustiano Carranza,CDMX,0.05048984093,2234735.2,112831.42476867174
2004-09-30,Venustiano Carranza,CDMX,0.05048984093,2244809.2,113340.05942620058
2004-12-31,Venustiano Carranza,CDMX,0.05048984093,2260342.1,114124.31307638217
2005-03-31,Venustiano Carranza,CDMX,0.05048984093,2258091.6,114010.6856893692
2005-06-30,Venustiano Carranza,CDMX,0.05048984093,2275031.1,114865.95834980294
2005-09-30,Venustiano Carranza,CDMX,0.05048984093,2306940.8,116477.07402692694
2005-12-31,Venustiano Carranza,CDMX,0.05048984093,2264522.1,114335.36061146956
2006-03-31,Venustiano Carranza,CDMX,0.05048984093,2374722.9,119899.3814738283
2006-06-30,Venustiano Carranza,CDMX,0.05048984093,2375920.8,119959.86325427835
2006-09-30,Venustiano Carranza,CDMX,0.05048984093,2418787.1,122124.17592253601
2006-12-31,Venustiano Carranza,CDMX,0.05048984093,2328557.9,117568.51796729484
2007-03-31,Venustiano Carranza,CDMX,0.05048984093,2408565.9,121608.10916042229
2007-06-30,Venustiano Carranza,CDMX,0.05048984093,2384221.0,120378.93903196554
2007-09-30,Venustiano Carranza,CDMX,0.05048984093,2445567.4,123476.30900959368
2007-12-31,Venustiano Carranza,CDMX,0.05048984093,2367585.4,119539.01023419043
2008-03-31,Venustiano Carranza,CDMX,0.05048984093,2450391.2,123719.86190427183
2008-06-30,Venustiano Carranza,CDMX,0.05048984093,2395356.9,120941.18885157791
2008-09-30,Venustiano Carranza,CDMX,0.05048984093,2531001.6,127789.8681775755
2008-12-31,Venustiano Carranza,CDMX,0.05048984093,2452219.9,123812.19267638051
2009-03-31,Venustiano Carranza,CDMX,0.05048984093,2362516.4,119283.07723051625
2009-06-30,Venustiano Carranza,CDMX,0.05048984093,2166510.9,109386.79071411114
2009-09-30,Venustiano Carranza,CDMX,0.05048984093,2389483.6,120644.64686884376
2009-12-31,Venustiano Carranza,CDMX,0.05048984093,2367831.3,119551.4256860751
2010-03-31,Venustiano Carranza,CDMX,0.05048984093,2446910.4,123544.11686596267
2010-06-30,Venustiano Carranza,CDMX,0.05048984093,2287425.1,115491.72943828935
2010-09-30,Venustiano Carranza,CDMX,0.05048984093,2445278.9,123461.74269048538
2010-12-31,Venustiano Carranza,CDMX,0.05048984093,2425671.8,122471.78333038677
2011-03-31,Venustiano Carranza,CDMX,0.05048984093,2533806.9,127931.50732833642
2011-06-30,Venustiano Carranza,CDMX,0.05048984093,2332450.0,117765.0294771785
2011-09-30,Venustiano Carranza,CDMX,0.05048984093,2569761.4,129746.8443140541
2011-12-31,Venustiano Carranza,CDMX,0.05048984093,2515338.0,126999.01550518435
2012-03-31,Venustiano Carranza,CDMX,0.05048984093,2633934.6,132986.93897402319
2012-06-30,Venustiano Carranza,CDMX,0.05048984093,2438708.1,123129.98404370254
2012-09-30,Venustiano Carranza,CDMX,0.05048984093,2592835.4,130911.84690367292
2012-12-31,Venustiano Carranza,CDMX,0.05048984093,2598596.7,131202.73402422294
2013-03-31,Venustiano Carranza,CDMX,0.05048984093,2673066.3,134962.69228234366
2013-06-30,Venustiano Carranza,CDMX,0.05048984093,2479978.8,125213.73512177228
2013-09-30,Venustiano Carranza,CDMX,0.05048984093,2668439.8,134729.101033281
2013-12-31,Venustiano Carranza,CDMX,0.05048984093,2626906.9,132632.1115189194
2014-03-31,Venustiano Carranza,CDMX,0.05048984093,2748552.0,138773.95326783336
2014-06-30,Venustiano Carranza,CDMX,0.05048984093,2503000.3,126376.08699474228
2014-09-30,Venustiano Carranza,CDMX,0.05048984093,2686402.8,135636.0500459066
2014-12-31,Venustiano Carranza,CDMX,0.05048984093,2666305.5,134621.3405657841
2015-03-31,Venustiano Carranza,CDMX,0.05048984093,2869792.9,144895.3870230434
2015-06-30,Venustiano Carranza,CDMX,0.05048984093,2587230.0,130628.8311493239
2015-09-30,Venustiano Carranza,CDMX,0.05048984093,2751624.2,138929.0681571385
2015-12-31,Venustiano Carranza,CDMX,0.05048984093,2705692.6,136609.98897947813
2016-03-31,Venustiano Carranza,CDMX,0.05048984093,2957233.6,149310.25405685126
2016-06-30,Venustiano Carranza,CDMX,0.05048984093,2632606.6,132919.88846526816
2016-09-30,Venustiano Carranza,CDMX,0.05048984093,2777401.3,140230.5498357752
2016-12-31,Venustiano Carranza,CDMX,0.05048984093,2827543.6,142762.22658663956
2017-03-31,Venustiano Carranza,CDMX,0.05048984093,3045539.9,153768.8250969681
2017-06-30,Venustiano Carranza,CDMX,0.05048984093,2684909.3,135560.64346847765
2017-09-30,Venustiano Carranza,CDMX,0.05048984093,2789710.7,140852.04948371896
2017-12-31,Venustiano Carranza,CDMX,0.05048984093,2824719.7,142619.64832483733
2018-03-31,Venustiano Carranza,CDMX,0.05048984093,3126459.6,157854.44787807143
2018-06-30,Venustiano Carranza,CDMX,0.05048984093,2706598.0,136655.70248145616
2018-09-30,Venustiano Carranza,CDMX,0.05048984093,2895109.0,146173.59288501137
2018-12-31,Venustiano Carranza,CDMX,0.05048984093,2898492.7,146344.4353597662
2019-03-31,Venustiano Carranza,CDMX,0.05048984093,3132839.1,158176.54781828437
2019-06-30,Venustiano Carranza,CDMX,0.05048984093,2679500.0,135287.528771935
2019-09-30,Venustiano Carranza,CDMX,0.05048984093,2895581.9,146197.46953078717
2019-12-31,Venustiano Carranza,CDMX,0.05048984093,2804127.1,141579.9312265022
2020-03-31,Venustiano Carranza,CDMX,0.05048984093,2856971.8,144248.05172349577
2020-06-30,Venustiano Carranza,CDMX,0.05048984093,2151114.3,108609.41882924829
2020-09-30,Venustiano Carranza,CDMX,0.05048984093,2577710.4,130148.18805960668
2020-12-31,Venustiano Carranza,CDMX,0.05048984093,2650584.1,133827.5695805872
2021-03-31,Venustiano Carranza,CDMX,0.05048984093,2944607.2,148672.74912933272
2021-06-30,Venustiano Carranza,CDMX,0.05048984093,2659692.8,134287.4663946663
2021-09-30,Venustiano Carranza,CDMX,0.05048984093,2669881.7,134801.902334918
2021-12-31,Venustiano Carranza,CDMX,0.05048984093,2594129.6,130977.19085580454
2022-03-31,Venustiano Carranza,CDMX,0.05048984093,2966769.4,149791.71508199154
2022-06-30,Venustiano Carranza,CDMX,0.05048984093,2706016.8,136626.35778590763
2022-09-30,Venustiano Carranza,CDMX,0.05048984093,2840890.3,143436.09934657998
2022-12-31,Venustiano Carranza,CDMX,0.05048984093,2795685.9,141153.73638124389
2023-03-31,Venustiano Carranza,CDMX,0.05048984093,3108307.2,156937.93608957372
2023-06-30,Venustiano Carranza,CDMX,0.05048984093,2859903.6,144396.07783913435
2023-09-30,Venustiano Carranza,CDMX,0.05048984093,2999960.2,151467.513294331
2023-12-31,Venustiano Carranza,CDMX,0.05048984093,2829452.9,142858.6268399272
